Critère/colonne,Libellé clair,Rôle actuel,Famille,Sens,Poids interne/règle,Poids effectif CT %,Poids effectif MT %,Poids effectif LT %,historical_status,source_bucket,research_phase,availability_note
isin,ISIN,CONTEXTE_NON_SCORANT_ACTUEL,Hors pondération directe actuelle,N/A,0,0,0,0,E_META_OUTPUT_NOT_PREDICTOR,Métadonnée / score / sortie / qualité,DESCRIPTIVE_OR_EXCLUDE,Ne doit pas être utilisé comme prédicteur brut sans démonstration d’antériorité.
canonical_universe,canonical universe,CONTEXTE_NON_SCORANT_ACTUEL,Hors pondération directe actuelle,N/A,0,0,0,0,E_META_OUTPUT_NOT_PREDICTOR,Métadonnée / score / sortie / qualité,DESCRIPTIVE_OR_EXCLUDE,Ne doit pas être utilisé comme prédicteur brut sans démonstration d’antériorité.
canonical_execution_guard,canonical execution guard,CONTEXTE_NON_SCORANT_ACTUEL,Hors pondération directe actuelle,N/A,0,0,0,0,E_META_OUTPUT_NOT_PREDICTOR,Métadonnée / score / sortie / qualité,DESCRIPTIVE_OR_EXCLUDE,Ne doit pas être utilisé comme prédicteur brut sans démonstration d’antériorité.
canonical_reference_rule,canonical reference rule,CONTEXTE_NON_SCORANT_ACTUEL,Hors pondération directe actuelle,N/A,0,0,0,0,E_META_OUTPUT_NOT_PREDICTOR,Métadonnée / score / sortie / qualité,DESCRIPTIVE_OR_EXCLUDE,Ne doit pas être utilisé comme prédicteur brut sans démonstration d’antériorité.
name,Nom,CONTEXTE_NON_SCORANT_ACTUEL,Hors pondération directe actuelle,N/A,0,0,0,0,E_META_OUTPUT_NOT_PREDICTOR,Métadonnée / score / sortie / qualité,DESCRIPTIVE_OR_EXCLUDE,Ne doit pas être utilisé comme prédicteur brut sans démonstration d’antériorité.
yahoo_ticker,Ticker Yahoo,CONTEXTE_NON_SCORANT_ACTUEL,Hors pondération directe actuelle,N/A,0,0,0,0,E_META_OUTPUT_NOT_PREDICTOR,Métadonnée / score / sortie / qualité,DESCRIPTIVE_OR_EXCLUDE,Ne doit pas être utilisé comme prédicteur brut sans démonstration d’antériorité.
euronext_symbol,Symbole Euronext,CONTEXTE_NON_SCORANT_ACTUEL,Hors pondération directe actuelle,N/A,0,0,0,0,B_EXTERNAL_HIST_RECONSTRUCTIBLE,Euronext/indices/macro/benchmark/market data,ENRICH_THEN_SCREEN,Reconstructible mais nécessite une série historique externe PIT.
euronext_mic,MIC Euronext,CONTEXTE_NON_SCORANT_ACTUEL,Hors pondération directe actuelle,N/A,0,0,0,0,B_EXTERNAL_HIST_RECONSTRUCTIBLE,Euronext/indices/macro/benchmark/market data,ENRICH_THEN_SCREEN,Reconstructible mais nécessite une série historique externe PIT.
country,Pays,CONTEXTE_NON_SCORANT_ACTUEL,Hors pondération directe actuelle,N/A,0,0,0,0,B_EXTERNAL_HIST_RECONSTRUCTIBLE,Euronext/indices/macro/benchmark/market data,ENRICH_THEN_SCREEN,Reconstructible mais nécessite une série historique externe PIT.
pea_type,Type PEA,CONTEXTE_NON_SCORANT_ACTUEL,Hors pondération directe actuelle,N/A,0,0,0,0,E_META_OUTPUT_NOT_PREDICTOR,Métadonnée / score / sortie / qualité,DESCRIPTIVE_OR_EXCLUDE,Ne doit pas être utilisé comme prédicteur brut sans démonstration d’antériorité.
size_proxy,size proxy,CONTEXTE_NON_SCORANT_ACTUEL,Hors pondération directe actuelle,N/A,0,0,0,0,B_EXTERNAL_HIST_RECONSTRUCTIBLE,Euronext/indices/macro/benchmark/market data,ENRICH_THEN_SCREEN,Reconstructible mais nécessite une série historique externe PIT.
liquidity_proxy,liquidity proxy,CONTEXTE_NON_SCORANT_ACTUEL,Hors pondération directe actuelle,N/A,0,0,0,0,B_EXTERNAL_HIST_RECONSTRUCTIBLE,Euronext/indices/macro/benchmark/market data,ENRICH_THEN_SCREEN,Reconstructible mais nécessite une série historique externe PIT.
score_brut,Score brut,CONTEXTE_NON_SCORANT_ACTUEL,Hors pondération directe actuelle,N/A,0,0,0,0,E_META_OUTPUT_NOT_PREDICTOR,Métadonnée / score / sortie / qualité,DESCRIPTIVE_OR_EXCLUDE,Ne doit pas être utilisé comme prédicteur brut sans démonstration d’antériorité.
couverture,Couverture,CONTEXTE_NON_SCORANT_ACTUEL,Hors pondération directe actuelle,N/A,0,0,0,0,E_META_OUTPUT_NOT_PREDICTOR,Métadonnée / score / sortie / qualité,DESCRIPTIVE_OR_EXCLUDE,Ne doit pas être utilisé comme prédicteur brut sans démonstration d’antériorité.
confiance,Confiance,CONTEXTE_NON_SCORANT_ACTUEL,Hors pondération directe actuelle,N/A,0,0,0,0,E_META_OUTPUT_NOT_PREDICTOR,Métadonnée / score / sortie / qualité,DESCRIPTIVE_OR_EXCLUDE,Ne doit pas être utilisé comme prédicteur brut sans démonstration d’antériorité.
score_effectif,Score effectif,CONTEXTE_NON_SCORANT_ACTUEL,Hors pondération directe actuelle,N/A,0,0,0,0,E_META_OUTPUT_NOT_PREDICTOR,Métadonnée / score / sortie / qualité,DESCRIPTIVE_OR_EXCLUDE,Ne doit pas être utilisé comme prédicteur brut sans démonstration d’antériorité.
ta_score_6,TA score 6,CONTEXTE_NON_SCORANT_ACTUEL,Hors pondération directe actuelle,N/A,0,0,0,0,E_META_OUTPUT_NOT_PREDICTOR,Métadonnée / score / sortie / qualité,DESCRIPTIVE_OR_EXCLUDE,Ne doit pas être utilisé comme prédicteur brut sans démonstration d’antériorité.
n_sessions,n sessions,CONTEXTE_NON_SCORANT_ACTUEL,Hors pondération directe actuelle,N/A,0,0,0,0,A_OHLCV_2010_2026,OHLCV gouverné,SCREEN_NOW,Recalculable à J0 sans look-ahead.
last_close,Dernière clôture,CONTEXTE_NON_SCORANT_ACTUEL,Hors pondération directe actuelle,N/A,0,0,0,0,A_OHLCV_2010_2026,OHLCV gouverné,SCREEN_NOW,Recalculable à J0 sans look-ahead.
mm20,MM20,SCORANT_DIRECT,Momentum,Croissant,Momentum:1.0,4.34782608695652,3.2258064516129,1.66666666666667,E_META_OUTPUT_NOT_PREDICTOR,Métadonnée / score / sortie / qualité,DESCRIPTIVE_OR_EXCLUDE,Ne doit pas être utilisé comme prédicteur brut sans démonstration d’antériorité.
mm50,MM50,SCORANT_DIRECT,Momentum,Croissant,Momentum:1.0,4.34782608695652,3.2258064516129,1.66666666666667,E_META_OUTPUT_NOT_PREDICTOR,Métadonnée / score / sortie / qualité,DESCRIPTIVE_OR_EXCLUDE,Ne doit pas être utilisé comme prédicteur brut sans démonstration d’antériorité.
mm200,MM200,SCORANT_DIRECT,Momentum,Croissant,Momentum:1.0,4.34782608695652,3.2258064516129,1.66666666666667,E_META_OUTPUT_NOT_PREDICTOR,Métadonnée / score / sortie / qualité,DESCRIPTIVE_OR_EXCLUDE,Ne doit pas être utilisé comme prédicteur brut sans démonstration d’antériorité.
rsi14,RSI14,SCORANT_DIRECT,Momentum,Croissant,Momentum:1.0,4.34782608695652,3.2258064516129,1.66666666666667,A_OHLCV_2010_2026,OHLCV gouverné,SCREEN_NOW,Recalculable à J0 sans look-ahead.
macd_hist,MACD histogramme,SCORANT_DIRECT,Momentum,Croissant,Momentum:1.0,4.34782608695652,3.2258064516129,1.66666666666667,A_OHLCV_2010_2026,OHLCV gouverné,SCREEN_NOW,Recalculable à J0 sans look-ahead.
atr14,ATR14,SCORANT_DIRECT,Risque,Décroissant,Risque:1.0,3.26086956521739,3.2258064516129,2.5,A_OHLCV_2010_2026,OHLCV gouverné,SCREEN_NOW,Recalculable à J0 sans look-ahead.
bb_upper,Bollinger haute,CONTEXTE_NON_SCORANT_ACTUEL,Hors pondération directe actuelle,N/A,0,0,0,0,A_OHLCV_2010_2026,OHLCV gouverné,SCREEN_NOW,Recalculable à J0 sans look-ahead.
bb_lower,Bollinger basse,CONTEXTE_NON_SCORANT_ACTUEL,Hors pondération directe actuelle,N/A,0,0,0,0,A_OHLCV_2010_2026,OHLCV gouverné,SCREEN_NOW,Recalculable à J0 sans look-ahead.
rvol20,RVOL20,SCORANT_DIRECT,Momentum,Croissant,Momentum:1.0,4.34782608695652,3.2258064516129,1.66666666666667,A_OHLCV_2010_2026,OHLCV gouverné,SCREEN_NOW,Recalculable à J0 sans look-ahead.
perf_1m_pct,Performance 1 mois,SCORANT_DIRECT,Momentum,Croissant,Momentum:1.0,4.34782608695652,3.2258064516129,1.66666666666667,A_OHLCV_2010_2026,OHLCV gouverné,SCREEN_NOW,Recalculable à J0 sans look-ahead.
perf_3m_pct,Performance 3 mois,SCORANT_DIRECT,Momentum,Croissant,Momentum:1.0,4.34782608695652,3.2258064516129,1.66666666666667,A_OHLCV_2010_2026,OHLCV gouverné,SCREEN_NOW,Recalculable à J0 sans look-ahead.
perf_1y_pct,Performance 1 an,SCORANT_DIRECT,Momentum,Croissant,Momentum:1.0,4.34782608695652,3.2258064516129,1.66666666666667,A_OHLCV_2010_2026,OHLCV gouverné,SCREEN_NOW,Recalculable à J0 sans look-ahead.
above_mm20,Cours > MM20,SCORANT_DIRECT,Momentum,Croissant,Momentum:1.0,4.34782608695652,3.2258064516129,1.66666666666667,A_OHLCV_2010_2026,OHLCV gouverné,SCREEN_NOW,Recalculable à J0 sans look-ahead.
above_mm50,Cours > MM50,SCORANT_DIRECT,Momentum,Croissant,Momentum:1.0,4.34782608695652,3.2258064516129,1.66666666666667,A_OHLCV_2010_2026,OHLCV gouverné,SCREEN_NOW,Recalculable à J0 sans look-ahead.
above_mm200,Cours > MM200,SCORANT_DIRECT,Momentum,Croissant,Momentum:1.0,4.34782608695652,3.2258064516129,1.66666666666667,A_OHLCV_2010_2026,OHLCV gouverné,SCREEN_NOW,Recalculable à J0 sans look-ahead.
per_ttm,PER TTM,SCORANT_DIRECT,Valorisation,Décroissant,Valorisation:1.0,2.17391304347826,3.2258064516129,4.16666666666667,D_SNAPSHOT_CURRENT_OR_NON_PIT,Fundamentaux/valorisation,DO_NOT_BACKFILL,Historique PIT non démontré dans le corpus actuel.
per_forward,PER forward,SCORANT_DIRECT,Valorisation,Décroissant,Valorisation:1.0,2.17391304347826,3.2258064516129,4.16666666666667,D_SNAPSHOT_CURRENT_OR_NON_PIT,Fundamentaux/valorisation,DO_NOT_BACKFILL,Historique PIT non démontré dans le corpus actuel.
per_vs_universe_pct,PER vs univers,SCORANT_DIRECT,Valorisation,Décroissant,Valorisation:1.0,2.17391304347826,3.2258064516129,4.16666666666667,D_SNAPSHOT_CURRENT_OR_NON_PIT,Fundamentaux/valorisation,DO_NOT_BACKFILL,Historique PIT non démontré dans le corpus actuel.
per_vs_sector_pct,PER vs secteur,SCORANT_DIRECT,Valorisation,Décroissant,Valorisation:1.0,2.17391304347826,3.2258064516129,4.16666666666667,D_SNAPSHOT_CURRENT_OR_NON_PIT,Fundamentaux/valorisation,DO_NOT_BACKFILL,Historique PIT non démontré dans le corpus actuel.
pb,Price/book,SCORANT_DIRECT,Valorisation,Décroissant,Valorisation:1.0,2.17391304347826,3.2258064516129,4.16666666666667,D_SNAPSHOT_CURRENT_OR_NON_PIT,Fundamentaux/valorisation,DO_NOT_BACKFILL,Historique PIT non démontré dans le corpus actuel.
roe,ROE,SCORANT_DIRECT,Qualité,Croissant,Qualité:1.0,2.17391304347826,4.03225806451613,5.83333333333333,D_SNAPSHOT_CURRENT_OR_NON_PIT,Fundamentaux/valorisation,DO_NOT_BACKFILL,Historique PIT non démontré dans le corpus actuel.
roe_api,ROE API,CONTEXTE_NON_SCORANT_ACTUEL,Hors pondération directe actuelle,N/A,0,0,0,0,D_SNAPSHOT_CURRENT_OR_NON_PIT,Fundamentaux/valorisation,DO_NOT_BACKFILL,Historique PIT non démontré dans le corpus actuel.
ev_ebit,EV/EBIT,SCORANT_DIRECT,Valorisation,Décroissant,Valorisation:1.0,2.17391304347826,3.2258064516129,4.16666666666667,D_SNAPSHOT_CURRENT_OR_NON_PIT,Fundamentaux/valorisation,DO_NOT_BACKFILL,Historique PIT non démontré dans le corpus actuel.
fcf_yield,FCF yield,SCORANT_DIRECT,Valorisation,Croissant,Valorisation:1.0,2.17391304347826,3.2258064516129,4.16666666666667,D_SNAPSHOT_CURRENT_OR_NON_PIT,Fundamentaux/valorisation,DO_NOT_BACKFILL,Historique PIT non démontré dans le corpus actuel.
dette_ebitda,Dette/EBITDA,SCORANT_DIRECT,Risque,Décroissant,Risque:1.0,3.26086956521739,3.2258064516129,2.5,D_SNAPSHOT_CURRENT_OR_NON_PIT,Fundamentaux/valorisation,DO_NOT_BACKFILL,Historique PIT non démontré dans le corpus actuel.
marge_ebit,Marge EBIT,SCORANT_DIRECT,Qualité,Croissant,Qualité:1.0,2.17391304347826,4.03225806451613,5.83333333333333,D_SNAPSHOT_CURRENT_OR_NON_PIT,Fundamentaux/valorisation,DO_NOT_BACKFILL,Historique PIT non démontré dans le corpus actuel.
marge_nette,Marge nette,SCORANT_DIRECT,Qualité,Croissant,Qualité:1.0,2.17391304347826,4.03225806451613,5.83333333333333,D_SNAPSHOT_CURRENT_OR_NON_PIT,Fundamentaux/valorisation,DO_NOT_BACKFILL,Historique PIT non démontré dans le corpus actuel.
croiss_ca_3y,Croissance CA 3 ans,SCORANT_DIRECT,Qualité,Croissant,Qualité:1.0,2.17391304347826,4.03225806451613,5.83333333333333,D_SNAPSHOT_CURRENT_OR_NON_PIT,Fundamentaux/valorisation,DO_NOT_BACKFILL,Historique PIT non démontré dans le corpus actuel.
croiss_eps_3y,Croissance EPS 3 ans,SCORANT_DIRECT,Qualité,Croissant,Qualité:1.0,2.17391304347826,4.03225806451613,5.83333333333333,D_SNAPSHOT_CURRENT_OR_NON_PIT,Fundamentaux/valorisation,DO_NOT_BACKFILL,Historique PIT non démontré dans le corpus actuel.
fundamentals,Fundamentaux,CONTEXTE_NON_SCORANT_ACTUEL,Hors pondération directe actuelle,N/A,0,0,0,0,D_SNAPSHOT_CURRENT_OR_NON_PIT,Fundamentaux/valorisation,DO_NOT_BACKFILL,Historique PIT non démontré dans le corpus actuel.
dividend_yield_pct,Rendement dividende,SCORANT_DIRECT,Qualité + Valorisation,Croissant,Qualité:0.5 + Valorisation:0.5,2.17391304347826,3.62903225806452,5,D_SNAPSHOT_CURRENT_OR_NON_PIT,Fundamentaux/valorisation,DO_NOT_BACKFILL,Historique PIT non démontré dans le corpus actuel.
payout_ratio,Payout ratio,SCORANT_DIRECT,Qualité,Croissant,Qualité:1.0,2.17391304347826,4.03225806451613,5.83333333333333,D_SNAPSHOT_CURRENT_OR_NON_PIT,Fundamentaux/valorisation,DO_NOT_BACKFILL,Historique PIT non démontré dans le corpus actuel.
target_price,Objectif de cours,SCORANT_DIRECT,Analystes,Croissant,Analystes:1.0,3.26086956521739,3.2258064516129,1.66666666666667,C_HISTORIQUE_PARTIEL_ANALYSTES,Snapshots analystes/Boursorama/Yahoo/MarketBeat selon champ,LIMITED_RECENT_ONLY,Pas d’historique PIT 2010-2025 fiable; snapshots réellement conservés à partir de 2026-08-26 pour Boursorama.
upside_pct,Potentiel,SCORANT_DIRECT,Analystes,Croissant,Analystes:1.0,3.26086956521739,3.2258064516129,1.66666666666667,C_HISTORIQUE_PARTIEL_ANALYSTES,Snapshots analystes/Boursorama/Yahoo/MarketBeat selon champ,LIMITED_RECENT_ONLY,Pas d’historique PIT 2010-2025 fiable; snapshots réellement conservés à partir de 2026-08-26 pour Boursorama.
eps_revision_3m,Révision EPS 3 mois,SCORANT_DIRECT,Analystes,Croissant,Analystes:1.0,3.26086956521739,3.2258064516129,1.66666666666667,C_HISTORIQUE_PARTIEL_ANALYSTES,Snapshots analystes/Boursorama/Yahoo/MarketBeat selon champ,LIMITED_RECENT_ONLY,Pas d’historique PIT 2010-2025 fiable; snapshots réellement conservés à partir de 2026-08-26 pour Boursorama.
sic_score,SIC score,CONTEXTE_NON_SCORANT_ACTUEL,Hors pondération directe actuelle,N/A,0,0,0,0,E_META_OUTPUT_NOT_PREDICTOR,Métadonnée / score / sortie / qualité,DESCRIPTIVE_OR_EXCLUDE,Ne doit pas être utilisé comme prédicteur brut sans démonstration d’antériorité.
volatility_20d,Volatilité 20j,SCORANT_DIRECT,Risque,Décroissant,Risque:1.0,3.26086956521739,3.2258064516129,2.5,A_OHLCV_2010_2026,OHLCV gouverné,SCREEN_NOW,Recalculable à J0 sans look-ahead.
volatility_60d,Volatilité 60j,SCORANT_DIRECT,Risque,Décroissant,Risque:1.0,3.26086956521739,3.2258064516129,2.5,A_OHLCV_2010_2026,OHLCV gouverné,SCREEN_NOW,Recalculable à J0 sans look-ahead.
max_drawdown_1y,Max drawdown 1 an,SCORANT_DIRECT,Risque,Décroissant,Risque:1.0,3.26086956521739,3.2258064516129,2.5,A_OHLCV_2010_2026,OHLCV gouverné,SCREEN_NOW,Recalculable à J0 sans look-ahead.
beta,Bêta,SCORANT_DIRECT,Risque + Structure,Décroissant,Risque:0.5 + Structure:0.5,2.71739130434783,2.41935483870968,2.5,B_EXTERNAL_HIST_RECONSTRUCTIBLE,Euronext/indices/macro/benchmark/market data,ENRICH_THEN_SCREEN,Reconstructible mais nécessite une série historique externe PIT.
scenario_bear_pct,Scénario bear,CONTEXTE_NON_SCORANT_ACTUEL,Hors pondération directe actuelle,N/A,0,0,0,0,E_META_OUTPUT_NOT_PREDICTOR,Métadonnée / score / sortie / qualité,DESCRIPTIVE_OR_EXCLUDE,Ne doit pas être utilisé comme prédicteur brut sans démonstration d’antériorité.
scenario_base_pct,Scénario base,CONTEXTE_NON_SCORANT_ACTUEL,Hors pondération directe actuelle,N/A,0,0,0,0,E_META_OUTPUT_NOT_PREDICTOR,Métadonnée / score / sortie / qualité,DESCRIPTIVE_OR_EXCLUDE,Ne doit pas être utilisé comme prédicteur brut sans démonstration d’antériorité.
scenario_bull_pct,Scénario bull,CONTEXTE_NON_SCORANT_ACTUEL,Hors pondération directe actuelle,N/A,0,0,0,0,E_META_OUTPUT_NOT_PREDICTOR,Métadonnée / score / sortie / qualité,DESCRIPTIVE_OR_EXCLUDE,Ne doit pas être utilisé comme prédicteur brut sans démonstration d’antériorité.
asymmetry,Asymétrie,CONTEXTE_NON_SCORANT_ACTUEL,Hors pondération directe actuelle,N/A,0,0,0,0,E_META_OUTPUT_NOT_PREDICTOR,Métadonnée / score / sortie / qualité,DESCRIPTIVE_OR_EXCLUDE,Ne doit pas être utilisé comme prédicteur brut sans démonstration d’antériorité.
broker_pea_confirmed,PEA confirmé courtier,CONTEXTE_NON_SCORANT_ACTUEL,Hors pondération directe actuelle,N/A,0,0,0,0,E_META_OUTPUT_NOT_PREDICTOR,Métadonnée / score / sortie / qualité,DESCRIPTIVE_OR_EXCLUDE,Ne doit pas être utilisé comme prédicteur brut sans démonstration d’antériorité.
data_trust_pct,Confiance data,CONTEXTE_NON_SCORANT_ACTUEL,Hors pondération directe actuelle,N/A,0,0,0,0,E_META_OUTPUT_NOT_PREDICTOR,Métadonnée / score / sortie / qualité,DESCRIPTIVE_OR_EXCLUDE,Ne doit pas être utilisé comme prédicteur brut sans démonstration d’antériorité.
coverage_pct,Couverture %,CONTEXTE_NON_SCORANT_ACTUEL,Hors pondération directe actuelle,N/A,0,0,0,0,E_META_OUTPUT_NOT_PREDICTOR,Métadonnée / score / sortie / qualité,DESCRIPTIVE_OR_EXCLUDE,Ne doit pas être utilisé comme prédicteur brut sans démonstration d’antériorité.
evidence_level,Niveau de preuve,CONTEXTE_NON_SCORANT_ACTUEL,Hors pondération directe actuelle,N/A,0,0,0,0,E_META_OUTPUT_NOT_PREDICTOR,Métadonnée / score / sortie / qualité,DESCRIPTIVE_OR_EXCLUDE,Ne doit pas être utilisé comme prédicteur brut sans démonstration d’antériorité.
shadow_only,Shadow only,CONTEXTE_NON_SCORANT_ACTUEL,Hors pondération directe actuelle,N/A,0,0,0,0,E_META_OUTPUT_NOT_PREDICTOR,Métadonnée / score / sortie / qualité,DESCRIPTIVE_OR_EXCLUDE,Ne doit pas être utilisé comme prédicteur brut sans démonstration d’antériorité.
ref_version,Version référentiel,CONTEXTE_NON_SCORANT_ACTUEL,Hors pondération directe actuelle,N/A,0,0,0,0,E_META_OUTPUT_NOT_PREDICTOR,Métadonnée / score / sortie / qualité,DESCRIPTIVE_OR_EXCLUDE,Ne doit pas être utilisé comme prédicteur brut sans démonstration d’antériorité.
schema_version,Version schéma,CONTEXTE_NON_SCORANT_ACTUEL,Hors pondération directe actuelle,N/A,0,0,0,0,E_META_OUTPUT_NOT_PREDICTOR,Métadonnée / score / sortie / qualité,DESCRIPTIVE_OR_EXCLUDE,Ne doit pas être utilisé comme prédicteur brut sans démonstration d’antériorité.
asset_class,Classe d’actif,CONTEXTE_NON_SCORANT_ACTUEL,Hors pondération directe actuelle,N/A,0,0,0,0,E_META_OUTPUT_NOT_PREDICTOR,Métadonnée / score / sortie / qualité,DESCRIPTIVE_OR_EXCLUDE,Ne doit pas être utilisé comme prédicteur brut sans démonstration d’antériorité.
region,Région,CONTEXTE_NON_SCORANT_ACTUEL,Hors pondération directe actuelle,N/A,0,0,0,0,B_EXTERNAL_HIST_RECONSTRUCTIBLE,Euronext/indices/macro/benchmark/market data,ENRICH_THEN_SCREEN,Reconstructible mais nécessite une série historique externe PIT.
markets,Marchés,CONTEXTE_NON_SCORANT_ACTUEL,Hors pondération directe actuelle,N/A,0,0,0,0,B_EXTERNAL_HIST_RECONSTRUCTIBLE,Euronext/indices/macro/benchmark/market data,ENRICH_THEN_SCREEN,Reconstructible mais nécessite une série historique externe PIT.
in_cac40,CAC40,CONTEXTE_NON_SCORANT_ACTUEL,Hors pondération directe actuelle,N/A,0,0,0,0,B_EXTERNAL_HIST_RECONSTRUCTIBLE,Euronext/indices/macro/benchmark/market data,ENRICH_THEN_SCREEN,Reconstructible mais nécessite une série historique externe PIT.
in_euronext100,Euronext100,CONTEXTE_NON_SCORANT_ACTUEL,Hors pondération directe actuelle,N/A,0,0,0,0,B_EXTERNAL_HIST_RECONSTRUCTIBLE,Euronext/indices/macro/benchmark/market data,ENRICH_THEN_SCREEN,Reconstructible mais nécessite une série historique externe PIT.
in_aex,AEX,CONTEXTE_NON_SCORANT_ACTUEL,Hors pondération directe actuelle,N/A,0,0,0,0,B_EXTERNAL_HIST_RECONSTRUCTIBLE,Euronext/indices/macro/benchmark/market data,ENRICH_THEN_SCREEN,Reconstructible mais nécessite une série historique externe PIT.
in_bel20,BEL20,CONTEXTE_NON_SCORANT_ACTUEL,Hors pondération directe actuelle,N/A,0,0,0,0,B_EXTERNAL_HIST_RECONSTRUCTIBLE,Euronext/indices/macro/benchmark/market data,ENRICH_THEN_SCREEN,Reconstructible mais nécessite une série historique externe PIT.
in_amx,AMX,CONTEXTE_NON_SCORANT_ACTUEL,Hors pondération directe actuelle,N/A,0,0,0,0,B_EXTERNAL_HIST_RECONSTRUCTIBLE,Euronext/indices/macro/benchmark/market data,ENRICH_THEN_SCREEN,Reconstructible mais nécessite une série historique externe PIT.
in_ftse_mib,FTSE MIB,CONTEXTE_NON_SCORANT_ACTUEL,Hors pondération directe actuelle,N/A,0,0,0,0,B_EXTERNAL_HIST_RECONSTRUCTIBLE,Euronext/indices/macro/benchmark/market data,ENRICH_THEN_SCREEN,Reconstructible mais nécessite une série historique externe PIT.
in_psi,PSI,CONTEXTE_NON_SCORANT_ACTUEL,Hors pondération directe actuelle,N/A,0,0,0,0,B_EXTERNAL_HIST_RECONSTRUCTIBLE,Euronext/indices/macro/benchmark/market data,ENRICH_THEN_SCREEN,Reconstructible mais nécessite une série historique externe PIT.
in_euronext_growth,Euronext Growth,CONTEXTE_NON_SCORANT_ACTUEL,Hors pondération directe actuelle,N/A,0,0,0,0,B_EXTERNAL_HIST_RECONSTRUCTIBLE,Euronext/indices/macro/benchmark/market data,ENRICH_THEN_SCREEN,Reconstructible mais nécessite une série historique externe PIT.
distribution_policy,Politique distribution,CONTEXTE_NON_SCORANT_ACTUEL,Hors pondération directe actuelle,N/A,0,0,0,0,E_META_OUTPUT_NOT_PREDICTOR,Métadonnée / score / sortie / qualité,DESCRIPTIVE_OR_EXCLUDE,Ne doit pas être utilisé comme prédicteur brut sans démonstration d’antériorité.
morningstar_rating,Note Morningstar,CONTEXTE_NON_SCORANT_ACTUEL,Hors pondération directe actuelle,N/A,0,0,0,0,E_META_OUTPUT_NOT_PREDICTOR,Métadonnée / score / sortie / qualité,DESCRIPTIVE_OR_EXCLUDE,Ne doit pas être utilisé comme prédicteur brut sans démonstration d’antériorité.
morningstar_category,Catégorie Morningstar,CONTEXTE_NON_SCORANT_ACTUEL,Hors pondération directe actuelle,N/A,0,0,0,0,E_META_OUTPUT_NOT_PREDICTOR,Métadonnée / score / sortie / qualité,DESCRIPTIVE_OR_EXCLUDE,Ne doit pas être utilisé comme prédicteur brut sans démonstration d’antériorité.
perf_3y_pct,Performance 3 ans,CONTEXTE_NON_SCORANT_ACTUEL,Hors pondération directe actuelle,N/A,0,0,0,0,D_SNAPSHOT_CURRENT_OR_NON_PIT,Référentiel enrichi,AUDIT_SOURCE,Disponibilité historique à auditer avant test.
perf_5y_pct,Performance 5 ans,CONTEXTE_NON_SCORANT_ACTUEL,Hors pondération directe actuelle,N/A,0,0,0,0,D_SNAPSHOT_CURRENT_OR_NON_PIT,Référentiel enrichi,AUDIT_SOURCE,Disponibilité historique à auditer avant test.
rank_cat_1y,Rang catégorie 1 an,CONTEXTE_NON_SCORANT_ACTUEL,Hors pondération directe actuelle,N/A,0,0,0,0,E_META_OUTPUT_NOT_PREDICTOR,Métadonnée / score / sortie / qualité,DESCRIPTIVE_OR_EXCLUDE,Ne doit pas être utilisé comme prédicteur brut sans démonstration d’antériorité.
rank_cat_3y,Rang catégorie 3 ans,CONTEXTE_NON_SCORANT_ACTUEL,Hors pondération directe actuelle,N/A,0,0,0,0,E_META_OUTPUT_NOT_PREDICTOR,Métadonnée / score / sortie / qualité,DESCRIPTIVE_OR_EXCLUDE,Ne doit pas être utilisé comme prédicteur brut sans démonstration d’antériorité.
rank_cat_5y,Rang catégorie 5 ans,CONTEXTE_NON_SCORANT_ACTUEL,Hors pondération directe actuelle,N/A,0,0,0,0,E_META_OUTPUT_NOT_PREDICTOR,Métadonnée / score / sortie / qualité,DESCRIPTIVE_OR_EXCLUDE,Ne doit pas être utilisé comme prédicteur brut sans démonstration d’antériorité.
eligible_pea_note,Note PEA,CONTEXTE_NON_SCORANT_ACTUEL,Hors pondération directe actuelle,N/A,0,0,0,0,E_META_OUTPUT_NOT_PREDICTOR,Métadonnée / score / sortie / qualité,DESCRIPTIVE_OR_EXCLUDE,Ne doit pas être utilisé comme prédicteur brut sans démonstration d’antériorité.
data_enrichment_note,Note enrichissement,CONTEXTE_NON_SCORANT_ACTUEL,Hors pondération directe actuelle,N/A,0,0,0,0,E_META_OUTPUT_NOT_PREDICTOR,Métadonnée / score / sortie / qualité,DESCRIPTIVE_OR_EXCLUDE,Ne doit pas être utilisé comme prédicteur brut sans démonstration d’antériorité.
euronext_name,Nom Euronext,CONTEXTE_NON_SCORANT_ACTUEL,Hors pondération directe actuelle,N/A,0,0,0,0,B_EXTERNAL_HIST_RECONSTRUCTIBLE,Euronext/indices/macro/benchmark/market data,ENRICH_THEN_SCREEN,Reconstructible mais nécessite une série historique externe PIT.
euronext_link,Lien Euronext,CONTEXTE_NON_SCORANT_ACTUEL,Hors pondération directe actuelle,N/A,0,0,0,0,D_SNAPSHOT_CURRENT_OR_NON_PIT,Référentiel enrichi,AUDIT_SOURCE,Disponibilité historique à auditer avant test.
ohlcv_n_sessions,OHLCV sessions,CONTEXTE_NON_SCORANT_ACTUEL,Hors pondération directe actuelle,N/A,0,0,0,0,A_OHLCV_2010_2026,OHLCV gouverné,SCREEN_NOW,Recalculable à J0 sans look-ahead.
ohlcv_last,Dernier OHLCV,CONTEXTE_NON_SCORANT_ACTUEL,Hors pondération directe actuelle,N/A,0,0,0,0,A_OHLCV_2010_2026,OHLCV gouverné,SCREEN_NOW,Recalculable à J0 sans look-ahead.
ohlcv_perf_1y,OHLCV perf 1 an,CONTEXTE_NON_SCORANT_ACTUEL,Hors pondération directe actuelle,N/A,0,0,0,0,A_OHLCV_2010_2026,OHLCV gouverné,SCREEN_NOW,Recalculable à J0 sans look-ahead.
sector_bucket,Secteur,CONTEXTE_NON_SCORANT_ACTUEL,Hors pondération directe actuelle,N/A,0,0,0,0,B_EXTERNAL_HIST_RECONSTRUCTIBLE,Euronext/indices/macro/benchmark/market data,ENRICH_THEN_SCREEN,Reconstructible mais nécessite une série historique externe PIT.
per_sector_median,PER médian secteur,CONTEXTE_NON_SCORANT_ACTUEL,Hors pondération directe actuelle,N/A,0,0,0,0,D_SNAPSHOT_CURRENT_OR_NON_PIT,Fundamentaux/valorisation,DO_NOT_BACKFILL,Historique PIT non démontré dans le corpus actuel.
per_sector_n,PER N secteur,CONTEXTE_NON_SCORANT_ACTUEL,Hors pondération directe actuelle,N/A,0,0,0,0,D_SNAPSHOT_CURRENT_OR_NON_PIT,Fundamentaux/valorisation,DO_NOT_BACKFILL,Historique PIT non démontré dans le corpus actuel.
per_universe_median,PER médian univers,CONTEXTE_NON_SCORANT_ACTUEL,Hors pondération directe actuelle,N/A,0,0,0,0,D_SNAPSHOT_CURRENT_OR_NON_PIT,Fundamentaux/valorisation,DO_NOT_BACKFILL,Historique PIT non démontré dans le corpus actuel.
roa,ROA,CONTEXTE_NON_SCORANT_ACTUEL,Hors pondération directe actuelle,N/A,0,0,0,0,D_SNAPSHOT_CURRENT_OR_NON_PIT,Fundamentaux/valorisation,DO_NOT_BACKFILL,Historique PIT non démontré dans le corpus actuel.
per_vs_sector,PER vs secteur,CONTEXTE_NON_SCORANT_ACTUEL,Hors pondération directe actuelle,N/A,0,0,0,0,D_SNAPSHOT_CURRENT_OR_NON_PIT,Fundamentaux/valorisation,DO_NOT_BACKFILL,Historique PIT non démontré dans le corpus actuel.
dividend_cagr_3y,CAGR dividende 3 ans,CONTEXTE_NON_SCORANT_ACTUEL,Hors pondération directe actuelle,N/A,0,0,0,0,D_SNAPSHOT_CURRENT_OR_NON_PIT,Fundamentaux/valorisation,DO_NOT_BACKFILL,Historique PIT non démontré dans le corpus actuel.
consensus_dispersion,Dispersion consensus,CONTEXTE_NON_SCORANT_ACTUEL,Hors pondération directe actuelle,N/A,0,0,0,0,C_HISTORIQUE_PARTIEL_ANALYSTES,Snapshots analystes/Boursorama/Yahoo/MarketBeat selon champ,LIMITED_RECENT_ONLY,Pas d’historique PIT 2010-2025 fiable; snapshots réellement conservés à partir de 2026-08-26 pour Boursorama.
news_polarity,Polarité news,CONTEXTE_NON_SCORANT_ACTUEL,Hors pondération directe actuelle,N/A,0,0,0,0,E_META_OUTPUT_NOT_PREDICTOR,Métadonnée / score / sortie / qualité,DESCRIPTIVE_OR_EXCLUDE,Ne doit pas être utilisé comme prédicteur brut sans démonstration d’antériorité.
news_materiality,Matérialité news,CONTEXTE_NON_SCORANT_ACTUEL,Hors pondération directe actuelle,N/A,0,0,0,0,E_META_OUTPUT_NOT_PREDICTOR,Métadonnée / score / sortie / qualité,DESCRIPTIVE_OR_EXCLUDE,Ne doit pas être utilisé comme prédicteur brut sans démonstration d’antériorité.
corporate_event,Événement corporate,CONTEXTE_NON_SCORANT_ACTUEL,Hors pondération directe actuelle,N/A,0,0,0,0,B_EXTERNAL_HIST_RECONSTRUCTIBLE,Euronext/indices/macro/benchmark/market data,ENRICH_THEN_SCREEN,Reconstructible mais nécessite une série historique externe PIT.
insider_signal,Insider signal,CONTEXTE_NON_SCORANT_ACTUEL,Hors pondération directe actuelle,N/A,0,0,0,0,B_EXTERNAL_HIST_RECONSTRUCTIBLE,Euronext/indices/macro/benchmark/market data,ENRICH_THEN_SCREEN,Reconstructible mais nécessite une série historique externe PIT.
scenario_proba_bch,Probabilités scénarios,CONTEXTE_NON_SCORANT_ACTUEL,Hors pondération directe actuelle,N/A,0,0,0,0,E_META_OUTPUT_NOT_PREDICTOR,Métadonnée / score / sortie / qualité,DESCRIPTIVE_OR_EXCLUDE,Ne doit pas être utilisé comme prédicteur brut sans démonstration d’antériorité.
ter,TER,CONTEXTE_NON_SCORANT_ACTUEL,Hors pondération directe actuelle,N/A,0,0,0,0,E_META_OUTPUT_NOT_PREDICTOR,Métadonnée / score / sortie / qualité,DESCRIPTIVE_OR_EXCLUDE,Ne doit pas être utilisé comme prédicteur brut sans démonstration d’antériorité.
spread_est_bps,Spread estimé,CONTEXTE_NON_SCORANT_ACTUEL,Hors pondération directe actuelle,N/A,0,0,0,0,B_EXTERNAL_HIST_RECONSTRUCTIBLE,Euronext/indices/macro/benchmark/market data,ENRICH_THEN_SCREEN,Reconstructible mais nécessite une série historique externe PIT.
decision_horizon,Horizon décision,CONTEXTE_NON_SCORANT_ACTUEL,Hors pondération directe actuelle,N/A,0,0,0,0,E_META_OUTPUT_NOT_PREDICTOR,Métadonnée / score / sortie / qualité,DESCRIPTIVE_OR_EXCLUDE,Ne doit pas être utilisé comme prédicteur brut sans démonstration d’antériorité.
macro_vix,VIX,CONTEXTE_NON_SCORANT_ACTUEL,Hors pondération directe actuelle,N/A,0,0,0,0,B_EXTERNAL_HIST_RECONSTRUCTIBLE,Euronext/indices/macro/benchmark/market data,ENRICH_THEN_SCREEN,Reconstructible mais nécessite une série historique externe PIT.
macro_curve_10y2y,Courbe 10Y2Y,CONTEXTE_NON_SCORANT_ACTUEL,Hors pondération directe actuelle,N/A,0,0,0,0,B_EXTERNAL_HIST_RECONSTRUCTIBLE,Euronext/indices/macro/benchmark/market data,ENRICH_THEN_SCREEN,Reconstructible mais nécessite une série historique externe PIT.
alt_data_note,Note alt data,CONTEXTE_NON_SCORANT_ACTUEL,Hors pondération directe actuelle,N/A,0,0,0,0,E_META_OUTPUT_NOT_PREDICTOR,Métadonnée / score / sortie / qualité,DESCRIPTIVE_OR_EXCLUDE,Ne doit pas être utilisé comme prédicteur brut sans démonstration d’antériorité.
consensus_rating,Consensus rating,CONTEXTE_NON_SCORANT_ACTUEL,Hors pondération directe actuelle,N/A,0,0,0,0,C_HISTORIQUE_PARTIEL_ANALYSTES,Snapshots analystes/Boursorama/Yahoo/MarketBeat selon champ,LIMITED_RECENT_ONLY,Pas d’historique PIT 2010-2025 fiable; snapshots réellement conservés à partir de 2026-08-26 pour Boursorama.
consensus_score,Consensus score,CONTEXTE_NON_SCORANT_ACTUEL,Hors pondération directe actuelle,N/A,0,0,0,0,C_HISTORIQUE_PARTIEL_ANALYSTES,Snapshots analystes/Boursorama/Yahoo/MarketBeat selon champ,LIMITED_RECENT_ONLY,Pas d’historique PIT 2010-2025 fiable; snapshots réellement conservés à partir de 2026-08-26 pour Boursorama.
n_analysts,N analystes,CONTEXTE_NON_SCORANT_ACTUEL,Hors pondération directe actuelle,N/A,0,0,0,0,C_HISTORIQUE_PARTIEL_ANALYSTES,Snapshots analystes/Boursorama/Yahoo/MarketBeat selon champ,LIMITED_RECENT_ONLY,Pas d’historique PIT 2010-2025 fiable; snapshots réellement conservés à partir de 2026-08-26 pour Boursorama.
upgrades_30d,Upgrades 30j,CONTEXTE_NON_SCORANT_ACTUEL,Hors pondération directe actuelle,N/A,0,0,0,0,C_HISTORIQUE_PARTIEL_ANALYSTES,Snapshots analystes/Boursorama/Yahoo/MarketBeat selon champ,LIMITED_RECENT_ONLY,Pas d’historique PIT 2010-2025 fiable; snapshots réellement conservés à partir de 2026-08-26 pour Boursorama.
downgrades_30d,Downgrades 30j,CONTEXTE_NON_SCORANT_ACTUEL,Hors pondération directe actuelle,N/A,0,0,0,0,C_HISTORIQUE_PARTIEL_ANALYSTES,Snapshots analystes/Boursorama/Yahoo/MarketBeat selon champ,LIMITED_RECENT_ONLY,Pas d’historique PIT 2010-2025 fiable; snapshots réellement conservés à partir de 2026-08-26 pour Boursorama.
consensus_period,Période consensus,CONTEXTE_NON_SCORANT_ACTUEL,Hors pondération directe actuelle,N/A,0,0,0,0,C_HISTORIQUE_PARTIEL_ANALYSTES,Snapshots analystes/Boursorama/Yahoo/MarketBeat selon champ,LIMITED_RECENT_ONLY,Pas d’historique PIT 2010-2025 fiable; snapshots réellement conservés à partir de 2026-08-26 pour Boursorama.
consensus,Consensus,CONTEXTE_NON_SCORANT_ACTUEL,Hors pondération directe actuelle,N/A,0,0,0,0,C_HISTORIQUE_PARTIEL_ANALYSTES,Snapshots analystes/Boursorama/Yahoo/MarketBeat selon champ,LIMITED_RECENT_ONLY,Pas d’historique PIT 2010-2025 fiable; snapshots réellement conservés à partir de 2026-08-26 pour Boursorama.
strong_buy,Strong buy,CONTEXTE_NON_SCORANT_ACTUEL,Hors pondération directe actuelle,N/A,0,0,0,0,C_HISTORIQUE_PARTIEL_ANALYSTES,Snapshots analystes/Boursorama/Yahoo/MarketBeat selon champ,LIMITED_RECENT_ONLY,Pas d’historique PIT 2010-2025 fiable; snapshots réellement conservés à partir de 2026-08-26 pour Boursorama.
buy_n,Buy N,CONTEXTE_NON_SCORANT_ACTUEL,Hors pondération directe actuelle,N/A,0,0,0,0,C_HISTORIQUE_PARTIEL_ANALYSTES,Snapshots analystes/Boursorama/Yahoo/MarketBeat selon champ,LIMITED_RECENT_ONLY,Pas d’historique PIT 2010-2025 fiable; snapshots réellement conservés à partir de 2026-08-26 pour Boursorama.
hold_n,Hold N,CONTEXTE_NON_SCORANT_ACTUEL,Hors pondération directe actuelle,N/A,0,0,0,0,C_HISTORIQUE_PARTIEL_ANALYSTES,Snapshots analystes/Boursorama/Yahoo/MarketBeat selon champ,LIMITED_RECENT_ONLY,Pas d’historique PIT 2010-2025 fiable; snapshots réellement conservés à partir de 2026-08-26 pour Boursorama.
sell_n,Sell N,CONTEXTE_NON_SCORANT_ACTUEL,Hors pondération directe actuelle,N/A,0,0,0,0,C_HISTORIQUE_PARTIEL_ANALYSTES,Snapshots analystes/Boursorama/Yahoo/MarketBeat selon champ,LIMITED_RECENT_ONLY,Pas d’historique PIT 2010-2025 fiable; snapshots réellement conservés à partir de 2026-08-26 pour Boursorama.
strong_sell,Strong sell,CONTEXTE_NON_SCORANT_ACTUEL,Hors pondération directe actuelle,N/A,0,0,0,0,C_HISTORIQUE_PARTIEL_ANALYSTES,Snapshots analystes/Boursorama/Yahoo/MarketBeat selon champ,LIMITED_RECENT_ONLY,Pas d’historique PIT 2010-2025 fiable; snapshots réellement conservés à partir de 2026-08-26 pour Boursorama.
consensus_score_prev,Consensus score prev,CONTEXTE_NON_SCORANT_ACTUEL,Hors pondération directe actuelle,N/A,0,0,0,0,C_HISTORIQUE_PARTIEL_ANALYSTES,Snapshots analystes/Boursorama/Yahoo/MarketBeat selon champ,LIMITED_RECENT_ONLY,Pas d’historique PIT 2010-2025 fiable; snapshots réellement conservés à partir de 2026-08-26 pour Boursorama.
consensus_period_prev,Période consensus prev,CONTEXTE_NON_SCORANT_ACTUEL,Hors pondération directe actuelle,N/A,0,0,0,0,C_HISTORIQUE_PARTIEL_ANALYSTES,Snapshots analystes/Boursorama/Yahoo/MarketBeat selon champ,LIMITED_RECENT_ONLY,Pas d’historique PIT 2010-2025 fiable; snapshots réellement conservés à partir de 2026-08-26 pour Boursorama.
consensus_delta,Consensus delta,CONTEXTE_NON_SCORANT_ACTUEL,Hors pondération directe actuelle,N/A,0,0,0,0,C_HISTORIQUE_PARTIEL_ANALYSTES,Snapshots analystes/Boursorama/Yahoo/MarketBeat selon champ,LIMITED_RECENT_ONLY,Pas d’historique PIT 2010-2025 fiable; snapshots réellement conservés à partir de 2026-08-26 pour Boursorama.
consensus_delta_label,Consensus delta label,CONTEXTE_NON_SCORANT_ACTUEL,Hors pondération directe actuelle,N/A,0,0,0,0,C_HISTORIQUE_PARTIEL_ANALYSTES,Snapshots analystes/Boursorama/Yahoo/MarketBeat selon champ,LIMITED_RECENT_ONLY,Pas d’historique PIT 2010-2025 fiable; snapshots réellement conservés à partir de 2026-08-26 pour Boursorama.
delta_buy,Delta buy,CONTEXTE_NON_SCORANT_ACTUEL,Hors pondération directe actuelle,N/A,0,0,0,0,C_HISTORIQUE_PARTIEL_ANALYSTES,Snapshots analystes/Boursorama/Yahoo/MarketBeat selon champ,LIMITED_RECENT_ONLY,Pas d’historique PIT 2010-2025 fiable; snapshots réellement conservés à partir de 2026-08-26 pour Boursorama.
delta_sell,Delta sell,CONTEXTE_NON_SCORANT_ACTUEL,Hors pondération directe actuelle,N/A,0,0,0,0,C_HISTORIQUE_PARTIEL_ANALYSTES,Snapshots analystes/Boursorama/Yahoo/MarketBeat selon champ,LIMITED_RECENT_ONLY,Pas d’historique PIT 2010-2025 fiable; snapshots réellement conservés à partir de 2026-08-26 pour Boursorama.
n_analysts_prev,N analystes prev,CONTEXTE_NON_SCORANT_ACTUEL,Hors pondération directe actuelle,N/A,0,0,0,0,C_HISTORIQUE_PARTIEL_ANALYSTES,Snapshots analystes/Boursorama/Yahoo/MarketBeat selon champ,LIMITED_RECENT_ONLY,Pas d’historique PIT 2010-2025 fiable; snapshots réellement conservés à partir de 2026-08-26 pour Boursorama.
per_ttm_yf,PER TTM Yahoo,CONTEXTE_NON_SCORANT_ACTUEL,Hors pondération directe actuelle,N/A,0,0,0,0,D_SNAPSHOT_CURRENT_OR_NON_PIT,Fundamentaux/valorisation,DO_NOT_BACKFILL,Historique PIT non démontré dans le corpus actuel.
per_forward_yf,PER forward Yahoo,CONTEXTE_NON_SCORANT_ACTUEL,Hors pondération directe actuelle,N/A,0,0,0,0,D_SNAPSHOT_CURRENT_OR_NON_PIT,Fundamentaux/valorisation,DO_NOT_BACKFILL,Historique PIT non démontré dans le corpus actuel.
sector_yf,Secteur Yahoo,CONTEXTE_NON_SCORANT_ACTUEL,Hors pondération directe actuelle,N/A,0,0,0,0,B_EXTERNAL_HIST_RECONSTRUCTIBLE,Euronext/indices/macro/benchmark/market data,ENRICH_THEN_SCREEN,Reconstructible mais nécessite une série historique externe PIT.
industry_yf,Industrie Yahoo,CONTEXTE_NON_SCORANT_ACTUEL,Hors pondération directe actuelle,N/A,0,0,0,0,B_EXTERNAL_HIST_RECONSTRUCTIBLE,Euronext/indices/macro/benchmark/market data,ENRICH_THEN_SCREEN,Reconstructible mais nécessite une série historique externe PIT.
recommendation_key_yf,Reco Yahoo,CONTEXTE_NON_SCORANT_ACTUEL,Hors pondération directe actuelle,N/A,0,0,0,0,C_HISTORIQUE_PARTIEL_ANALYSTES,Snapshots analystes/Boursorama/Yahoo/MarketBeat selon champ,LIMITED_RECENT_ONLY,Pas d’historique PIT 2010-2025 fiable; snapshots réellement conservés à partir de 2026-08-26 pour Boursorama.
recommendation_mean_yf,Moyenne reco Yahoo,CONTEXTE_NON_SCORANT_ACTUEL,Hors pondération directe actuelle,N/A,0,0,0,0,C_HISTORIQUE_PARTIEL_ANALYSTES,Snapshots analystes/Boursorama/Yahoo/MarketBeat selon champ,LIMITED_RECENT_ONLY,Pas d’historique PIT 2010-2025 fiable; snapshots réellement conservés à partir de 2026-08-26 pour Boursorama.
n_analysts_yf,N analystes Yahoo,CONTEXTE_NON_SCORANT_ACTUEL,Hors pondération directe actuelle,N/A,0,0,0,0,C_HISTORIQUE_PARTIEL_ANALYSTES,Snapshots analystes/Boursorama/Yahoo/MarketBeat selon champ,LIMITED_RECENT_ONLY,Pas d’historique PIT 2010-2025 fiable; snapshots réellement conservés à partir de 2026-08-26 pour Boursorama.
target_mean_yf,Objectif moyen Yahoo,CONTEXTE_NON_SCORANT_ACTUEL,Hors pondération directe actuelle,N/A,0,0,0,0,C_HISTORIQUE_PARTIEL_ANALYSTES,Snapshots analystes/Boursorama/Yahoo/MarketBeat selon champ,LIMITED_RECENT_ONLY,Pas d’historique PIT 2010-2025 fiable; snapshots réellement conservés à partir de 2026-08-26 pour Boursorama.
target_high_yf,Objectif haut Yahoo,CONTEXTE_NON_SCORANT_ACTUEL,Hors pondération directe actuelle,N/A,0,0,0,0,C_HISTORIQUE_PARTIEL_ANALYSTES,Snapshots analystes/Boursorama/Yahoo/MarketBeat selon champ,LIMITED_RECENT_ONLY,Pas d’historique PIT 2010-2025 fiable; snapshots réellement conservés à partir de 2026-08-26 pour Boursorama.
target_low_yf,Objectif bas Yahoo,CONTEXTE_NON_SCORANT_ACTUEL,Hors pondération directe actuelle,N/A,0,0,0,0,C_HISTORIQUE_PARTIEL_ANALYSTES,Snapshots analystes/Boursorama/Yahoo/MarketBeat selon champ,LIMITED_RECENT_ONLY,Pas d’historique PIT 2010-2025 fiable; snapshots réellement conservés à partir de 2026-08-26 pour Boursorama.
current_price_yf,Prix courant Yahoo,CONTEXTE_NON_SCORANT_ACTUEL,Hors pondération directe actuelle,N/A,0,0,0,0,D_SNAPSHOT_CURRENT_OR_NON_PIT,Référentiel enrichi,AUDIT_SOURCE,Disponibilité historique à auditer avant test.
average_rating_yf,Rating moyen Yahoo,CONTEXTE_NON_SCORANT_ACTUEL,Hors pondération directe actuelle,N/A,0,0,0,0,C_HISTORIQUE_PARTIEL_ANALYSTES,Snapshots analystes/Boursorama/Yahoo/MarketBeat selon champ,LIMITED_RECENT_ONLY,Pas d’historique PIT 2010-2025 fiable; snapshots réellement conservés à partir de 2026-08-26 pour Boursorama.
consensus_score_yf,Consensus score Yahoo,CONTEXTE_NON_SCORANT_ACTUEL,Hors pondération directe actuelle,N/A,0,0,0,0,C_HISTORIQUE_PARTIEL_ANALYSTES,Snapshots analystes/Boursorama/Yahoo/MarketBeat selon champ,LIMITED_RECENT_ONLY,Pas d’historique PIT 2010-2025 fiable; snapshots réellement conservés à partir de 2026-08-26 pour Boursorama.
n_analysts_counts_yf,N analystes counts Yahoo,CONTEXTE_NON_SCORANT_ACTUEL,Hors pondération directe actuelle,N/A,0,0,0,0,C_HISTORIQUE_PARTIEL_ANALYSTES,Snapshots analystes/Boursorama/Yahoo/MarketBeat selon champ,LIMITED_RECENT_ONLY,Pas d’historique PIT 2010-2025 fiable; snapshots réellement conservés à partir de 2026-08-26 pour Boursorama.
strong_buy_yf,Strong buy Yahoo,CONTEXTE_NON_SCORANT_ACTUEL,Hors pondération directe actuelle,N/A,0,0,0,0,C_HISTORIQUE_PARTIEL_ANALYSTES,Snapshots analystes/Boursorama/Yahoo/MarketBeat selon champ,LIMITED_RECENT_ONLY,Pas d’historique PIT 2010-2025 fiable; snapshots réellement conservés à partir de 2026-08-26 pour Boursorama.
buy_yf,Buy Yahoo,CONTEXTE_NON_SCORANT_ACTUEL,Hors pondération directe actuelle,N/A,0,0,0,0,C_HISTORIQUE_PARTIEL_ANALYSTES,Snapshots analystes/Boursorama/Yahoo/MarketBeat selon champ,LIMITED_RECENT_ONLY,Pas d’historique PIT 2010-2025 fiable; snapshots réellement conservés à partir de 2026-08-26 pour Boursorama.
hold_yf,Hold Yahoo,CONTEXTE_NON_SCORANT_ACTUEL,Hors pondération directe actuelle,N/A,0,0,0,0,C_HISTORIQUE_PARTIEL_ANALYSTES,Snapshots analystes/Boursorama/Yahoo/MarketBeat selon champ,LIMITED_RECENT_ONLY,Pas d’historique PIT 2010-2025 fiable; snapshots réellement conservés à partir de 2026-08-26 pour Boursorama.
sell_yf,Sell Yahoo,CONTEXTE_NON_SCORANT_ACTUEL,Hors pondération directe actuelle,N/A,0,0,0,0,C_HISTORIQUE_PARTIEL_ANALYSTES,Snapshots analystes/Boursorama/Yahoo/MarketBeat selon champ,LIMITED_RECENT_ONLY,Pas d’historique PIT 2010-2025 fiable; snapshots réellement conservés à partir de 2026-08-26 pour Boursorama.
strong_sell_yf,Strong sell Yahoo,CONTEXTE_NON_SCORANT_ACTUEL,Hors pondération directe actuelle,N/A,0,0,0,0,C_HISTORIQUE_PARTIEL_ANALYSTES,Snapshots analystes/Boursorama/Yahoo/MarketBeat selon champ,LIMITED_RECENT_ONLY,Pas d’historique PIT 2010-2025 fiable; snapshots réellement conservés à partir de 2026-08-26 pour Boursorama.
consensus_score_prev_yf,Consensus score prev Yahoo,CONTEXTE_NON_SCORANT_ACTUEL,Hors pondération directe actuelle,N/A,0,0,0,0,C_HISTORIQUE_PARTIEL_ANALYSTES,Snapshots analystes/Boursorama/Yahoo/MarketBeat selon champ,LIMITED_RECENT_ONLY,Pas d’historique PIT 2010-2025 fiable; snapshots réellement conservés à partir de 2026-08-26 pour Boursorama.
consensus_delta_yf,Consensus delta Yahoo,CONTEXTE_NON_SCORANT_ACTUEL,Hors pondération directe actuelle,N/A,0,0,0,0,C_HISTORIQUE_PARTIEL_ANALYSTES,Snapshots analystes/Boursorama/Yahoo/MarketBeat selon champ,LIMITED_RECENT_ONLY,Pas d’historique PIT 2010-2025 fiable; snapshots réellement conservés à partir de 2026-08-26 pour Boursorama.
consensus_delta_label_yf,Consensus delta label Yahoo,CONTEXTE_NON_SCORANT_ACTUEL,Hors pondération directe actuelle,N/A,0,0,0,0,C_HISTORIQUE_PARTIEL_ANALYSTES,Snapshots analystes/Boursorama/Yahoo/MarketBeat selon champ,LIMITED_RECENT_ONLY,Pas d’historique PIT 2010-2025 fiable; snapshots réellement conservés à partir de 2026-08-26 pour Boursorama.
delta_buy_yf,Delta buy Yahoo,CONTEXTE_NON_SCORANT_ACTUEL,Hors pondération directe actuelle,N/A,0,0,0,0,C_HISTORIQUE_PARTIEL_ANALYSTES,Snapshots analystes/Boursorama/Yahoo/MarketBeat selon champ,LIMITED_RECENT_ONLY,Pas d’historique PIT 2010-2025 fiable; snapshots réellement conservés à partir de 2026-08-26 pour Boursorama.
delta_sell_yf,Delta sell Yahoo,CONTEXTE_NON_SCORANT_ACTUEL,Hors pondération directe actuelle,N/A,0,0,0,0,C_HISTORIQUE_PARTIEL_ANALYSTES,Snapshots analystes/Boursorama/Yahoo/MarketBeat selon champ,LIMITED_RECENT_ONLY,Pas d’historique PIT 2010-2025 fiable; snapshots réellement conservés à partir de 2026-08-26 pour Boursorama.
consensus_rating_yf,Consensus rating Yahoo,CONTEXTE_NON_SCORANT_ACTUEL,Hors pondération directe actuelle,N/A,0,0,0,0,C_HISTORIQUE_PARTIEL_ANALYSTES,Snapshots analystes/Boursorama/Yahoo/MarketBeat selon champ,LIMITED_RECENT_ONLY,Pas d’historique PIT 2010-2025 fiable; snapshots réellement conservés à partir de 2026-08-26 pour Boursorama.
upside_pct_yf,Upside Yahoo,CONTEXTE_NON_SCORANT_ACTUEL,Hors pondération directe actuelle,N/A,0,0,0,0,C_HISTORIQUE_PARTIEL_ANALYSTES,Snapshots analystes/Boursorama/Yahoo/MarketBeat selon champ,LIMITED_RECENT_ONLY,Pas d’historique PIT 2010-2025 fiable; snapshots réellement conservés à partir de 2026-08-26 pour Boursorama.
sector_yahoo,Secteur Yahoo,CONTEXTE_NON_SCORANT_ACTUEL,Hors pondération directe actuelle,N/A,0,0,0,0,B_EXTERNAL_HIST_RECONSTRUCTIBLE,Euronext/indices/macro/benchmark/market data,ENRICH_THEN_SCREEN,Reconstructible mais nécessite une série historique externe PIT.
industry_yahoo,Industrie Yahoo,CONTEXTE_NON_SCORANT_ACTUEL,Hors pondération directe actuelle,N/A,0,0,0,0,B_EXTERNAL_HIST_RECONSTRUCTIBLE,Euronext/indices/macro/benchmark/market data,ENRICH_THEN_SCREEN,Reconstructible mais nécessite une série historique externe PIT.
v182_ticker_market_symbol,Ticker marché v182,CONTEXTE_NON_SCORANT_ACTUEL,Hors pondération directe actuelle,N/A,0,0,0,0,B_EXTERNAL_HIST_RECONSTRUCTIBLE,Euronext/indices/macro/benchmark/market data,ENRICH_THEN_SCREEN,Reconstructible mais nécessite une série historique externe PIT.
v182_ticker_canonical_mic,MIC v182,CONTEXTE_NON_SCORANT_ACTUEL,Hors pondération directe actuelle,N/A,0,0,0,0,B_EXTERNAL_HIST_RECONSTRUCTIBLE,Euronext/indices/macro/benchmark/market data,ENRICH_THEN_SCREEN,Reconstructible mais nécessite une série historique externe PIT.
v182_ticker_venue,Venue v182,CONTEXTE_NON_SCORANT_ACTUEL,Hors pondération directe actuelle,N/A,0,0,0,0,B_EXTERNAL_HIST_RECONSTRUCTIBLE,Euronext/indices/macro/benchmark/market data,ENRICH_THEN_SCREEN,Reconstructible mais nécessite une série historique externe PIT.
v182_ticker_validation_confidence_pct,Confiance ticker v182,CONTEXTE_NON_SCORANT_ACTUEL,Hors pondération directe actuelle,N/A,0,0,0,0,D_SNAPSHOT_CURRENT_OR_NON_PIT,Référentiel enrichi,AUDIT_SOURCE,Disponibilité historique à auditer avant test.
mm100,MM100,CONTEXTE_NON_SCORANT_ACTUEL,Hors pondération directe actuelle,N/A,0,0,0,0,A_OHLCV_2010_2026,OHLCV gouverné,SCREEN_NOW,Recalculable à J0 sans look-ahead.
macd,MACD,CONTEXTE_NON_SCORANT_ACTUEL,Hors pondération directe actuelle,N/A,0,0,0,0,A_OHLCV_2010_2026,OHLCV gouverné,SCREEN_NOW,Recalculable à J0 sans look-ahead.
macd_signal,Signal MACD,CONTEXTE_NON_SCORANT_ACTUEL,Hors pondération directe actuelle,N/A,0,0,0,0,A_OHLCV_2010_2026,OHLCV gouverné,SCREEN_NOW,Recalculable à J0 sans look-ahead.
bb_mid,Bollinger médiane,CONTEXTE_NON_SCORANT_ACTUEL,Hors pondération directe actuelle,N/A,0,0,0,0,A_OHLCV_2010_2026,OHLCV gouverné,SCREEN_NOW,Recalculable à J0 sans look-ahead.
perf_6m_pct,Performance 6 mois,CONTEXTE_NON_SCORANT_ACTUEL,Hors pondération directe actuelle,N/A,0,0,0,0,A_OHLCV_2010_2026,OHLCV gouverné,SCREEN_NOW,Recalculable à J0 sans look-ahead.
positive_reversal_flag,Retournement positif,CONTEXTE_NON_SCORANT_ACTUEL,Hors pondération directe actuelle,N/A,0,0,0,0,A_OHLCV_2010_2026,OHLCV gouverné,SCREEN_NOW,Recalculable à J0 sans look-ahead.
volume,Volume,CONTEXTE_NON_SCORANT_ACTUEL,Hors pondération directe actuelle,N/A,0,0,0,0,A_OHLCV_2010_2026,OHLCV gouverné,SCREEN_NOW,Recalculable à J0 sans look-ahead.
relative_strength,Force relative,CONTEXTE_NON_SCORANT_ACTUEL,Hors pondération directe actuelle,N/A,0,0,0,0,B_EXTERNAL_HIST_RECONSTRUCTIBLE,Euronext/indices/macro/benchmark/market data,ENRICH_THEN_SCREEN,Reconstructible mais nécessite une série historique externe PIT.
market_cap,Capitalisation,CONTEXTE_NON_SCORANT_ACTUEL,Hors pondération directe actuelle,N/A,0,0,0,0,B_EXTERNAL_HIST_RECONSTRUCTIBLE,Euronext/indices/macro/benchmark/market data,ENRICH_THEN_SCREEN,Reconstructible mais nécessite une série historique externe PIT.
debt_to_equity,Debt/equity,CONTEXTE_NON_SCORANT_ACTUEL,Hors pondération directe actuelle,N/A,0,0,0,0,D_SNAPSHOT_CURRENT_OR_NON_PIT,Fundamentaux/valorisation,DO_NOT_BACKFILL,Historique PIT non démontré dans le corpus actuel.
free_cash_flow,Free cash flow,CONTEXTE_NON_SCORANT_ACTUEL,Hors pondération directe actuelle,N/A,0,0,0,0,D_SNAPSHOT_CURRENT_OR_NON_PIT,Fundamentaux/valorisation,DO_NOT_BACKFILL,Historique PIT non démontré dans le corpus actuel.
target_prev_run,Objectif run précédent,CONTEXTE_NON_SCORANT_ACTUEL,Hors pondération directe actuelle,N/A,0,0,0,0,C_HISTORIQUE_PARTIEL_ANALYSTES,Snapshots analystes/Boursorama/Yahoo/MarketBeat selon champ,LIMITED_RECENT_ONLY,Pas d’historique PIT 2010-2025 fiable; snapshots réellement conservés à partir de 2026-08-26 pour Boursorama.
target_change_run_abs,Variation objectif run abs,CONTEXTE_NON_SCORANT_ACTUEL,Hors pondération directe actuelle,N/A,0,0,0,0,C_HISTORIQUE_PARTIEL_ANALYSTES,Snapshots analystes/Boursorama/Yahoo/MarketBeat selon champ,LIMITED_RECENT_ONLY,Pas d’historique PIT 2010-2025 fiable; snapshots réellement conservés à partir de 2026-08-26 pour Boursorama.
target_change_run_pct,Variation objectif run %,CONTEXTE_NON_SCORANT_ACTUEL,Hors pondération directe actuelle,N/A,0,0,0,0,C_HISTORIQUE_PARTIEL_ANALYSTES,Snapshots analystes/Boursorama/Yahoo/MarketBeat selon champ,LIMITED_RECENT_ONLY,Pas d’historique PIT 2010-2025 fiable; snapshots réellement conservés à partir de 2026-08-26 pour Boursorama.
target_1m_ago,Objectif 1m,CONTEXTE_NON_SCORANT_ACTUEL,Hors pondération directe actuelle,N/A,0,0,0,0,C_HISTORIQUE_PARTIEL_ANALYSTES,Snapshots analystes/Boursorama/Yahoo/MarketBeat selon champ,LIMITED_RECENT_ONLY,Pas d’historique PIT 2010-2025 fiable; snapshots réellement conservés à partir de 2026-08-26 pour Boursorama.
target_change_1m_abs,Variation objectif 1m abs,CONTEXTE_NON_SCORANT_ACTUEL,Hors pondération directe actuelle,N/A,0,0,0,0,C_HISTORIQUE_PARTIEL_ANALYSTES,Snapshots analystes/Boursorama/Yahoo/MarketBeat selon champ,LIMITED_RECENT_ONLY,Pas d’historique PIT 2010-2025 fiable; snapshots réellement conservés à partir de 2026-08-26 pour Boursorama.
target_change_1m_pct,Variation objectif 1m %,CONTEXTE_NON_SCORANT_ACTUEL,Hors pondération directe actuelle,N/A,0,0,0,0,C_HISTORIQUE_PARTIEL_ANALYSTES,Snapshots analystes/Boursorama/Yahoo/MarketBeat selon champ,LIMITED_RECENT_ONLY,Pas d’historique PIT 2010-2025 fiable; snapshots réellement conservés à partir de 2026-08-26 pour Boursorama.
target_3m_ago,Objectif 3m,CONTEXTE_NON_SCORANT_ACTUEL,Hors pondération directe actuelle,N/A,0,0,0,0,C_HISTORIQUE_PARTIEL_ANALYSTES,Snapshots analystes/Boursorama/Yahoo/MarketBeat selon champ,LIMITED_RECENT_ONLY,Pas d’historique PIT 2010-2025 fiable; snapshots réellement conservés à partir de 2026-08-26 pour Boursorama.
target_change_3m_abs,Variation objectif 3m abs,CONTEXTE_NON_SCORANT_ACTUEL,Hors pondération directe actuelle,N/A,0,0,0,0,C_HISTORIQUE_PARTIEL_ANALYSTES,Snapshots analystes/Boursorama/Yahoo/MarketBeat selon champ,LIMITED_RECENT_ONLY,Pas d’historique PIT 2010-2025 fiable; snapshots réellement conservés à partir de 2026-08-26 pour Boursorama.
target_change_3m_pct,Variation objectif 3m %,CONTEXTE_NON_SCORANT_ACTUEL,Hors pondération directe actuelle,N/A,0,0,0,0,C_HISTORIQUE_PARTIEL_ANALYSTES,Snapshots analystes/Boursorama/Yahoo/MarketBeat selon champ,LIMITED_RECENT_ONLY,Pas d’historique PIT 2010-2025 fiable; snapshots réellement conservés à partir de 2026-08-26 pour Boursorama.
target_12m_ago,Objectif 12m,CONTEXTE_NON_SCORANT_ACTUEL,Hors pondération directe actuelle,N/A,0,0,0,0,C_HISTORIQUE_PARTIEL_ANALYSTES,Snapshots analystes/Boursorama/Yahoo/MarketBeat selon champ,LIMITED_RECENT_ONLY,Pas d’historique PIT 2010-2025 fiable; snapshots réellement conservés à partir de 2026-08-26 pour Boursorama.
target_change_12m_pct,Variation objectif 12m %,CONTEXTE_NON_SCORANT_ACTUEL,Hors pondération directe actuelle,N/A,0,0,0,0,C_HISTORIQUE_PARTIEL_ANALYSTES,Snapshots analystes/Boursorama/Yahoo/MarketBeat selon champ,LIMITED_RECENT_ONLY,Pas d’historique PIT 2010-2025 fiable; snapshots réellement conservés à partir de 2026-08-26 pour Boursorama.
target_upside_abs,Upside abs,CONTEXTE_NON_SCORANT_ACTUEL,Hors pondération directe actuelle,N/A,0,0,0,0,C_HISTORIQUE_PARTIEL_ANALYSTES,Snapshots analystes/Boursorama/Yahoo/MarketBeat selon champ,LIMITED_RECENT_ONLY,Pas d’historique PIT 2010-2025 fiable; snapshots réellement conservés à partir de 2026-08-26 pour Boursorama.
target_upside_pct,Upside %,CONTEXTE_NON_SCORANT_ACTUEL,Hors pondération directe actuelle,N/A,0,0,0,0,C_HISTORIQUE_PARTIEL_ANALYSTES,Snapshots analystes/Boursorama/Yahoo/MarketBeat selon champ,LIMITED_RECENT_ONLY,Pas d’historique PIT 2010-2025 fiable; snapshots réellement conservés à partir de 2026-08-26 pour Boursorama.
target_low,Objectif bas,CONTEXTE_NON_SCORANT_ACTUEL,Hors pondération directe actuelle,N/A,0,0,0,0,C_HISTORIQUE_PARTIEL_ANALYSTES,Snapshots analystes/Boursorama/Yahoo/MarketBeat selon champ,LIMITED_RECENT_ONLY,Pas d’historique PIT 2010-2025 fiable; snapshots réellement conservés à partir de 2026-08-26 pour Boursorama.
target_high,Objectif haut,CONTEXTE_NON_SCORANT_ACTUEL,Hors pondération directe actuelle,N/A,0,0,0,0,C_HISTORIQUE_PARTIEL_ANALYSTES,Snapshots analystes/Boursorama/Yahoo/MarketBeat selon champ,LIMITED_RECENT_ONLY,Pas d’historique PIT 2010-2025 fiable; snapshots réellement conservés à partir de 2026-08-26 pour Boursorama.
target_dispersion_pct,Dispersion cible,CONTEXTE_NON_SCORANT_ACTUEL,Hors pondération directe actuelle,N/A,0,0,0,0,C_HISTORIQUE_PARTIEL_ANALYSTES,Snapshots analystes/Boursorama/Yahoo/MarketBeat selon champ,LIMITED_RECENT_ONLY,Pas d’historique PIT 2010-2025 fiable; snapshots réellement conservés à partir de 2026-08-26 pour Boursorama.
consensus_score_100,Consensus score 100,CONTEXTE_NON_SCORANT_ACTUEL,Hors pondération directe actuelle,N/A,0,0,0,0,C_HISTORIQUE_PARTIEL_ANALYSTES,Snapshots analystes/Boursorama/Yahoo/MarketBeat selon champ,LIMITED_RECENT_ONLY,Pas d’historique PIT 2010-2025 fiable; snapshots réellement conservés à partir de 2026-08-26 pour Boursorama.
consensus_prev_run,Consensus run précédent,CONTEXTE_NON_SCORANT_ACTUEL,Hors pondération directe actuelle,N/A,0,0,0,0,C_HISTORIQUE_PARTIEL_ANALYSTES,Snapshots analystes/Boursorama/Yahoo/MarketBeat selon champ,LIMITED_RECENT_ONLY,Pas d’historique PIT 2010-2025 fiable; snapshots réellement conservés à partir de 2026-08-26 pour Boursorama.
consensus_delta_run,Delta consensus run,CONTEXTE_NON_SCORANT_ACTUEL,Hors pondération directe actuelle,N/A,0,0,0,0,C_HISTORIQUE_PARTIEL_ANALYSTES,Snapshots analystes/Boursorama/Yahoo/MarketBeat selon champ,LIMITED_RECENT_ONLY,Pas d’historique PIT 2010-2025 fiable; snapshots réellement conservés à partir de 2026-08-26 pour Boursorama.
consensus_score_1m_ago,Consensus 1m,CONTEXTE_NON_SCORANT_ACTUEL,Hors pondération directe actuelle,N/A,0,0,0,0,C_HISTORIQUE_PARTIEL_ANALYSTES,Snapshots analystes/Boursorama/Yahoo/MarketBeat selon champ,LIMITED_RECENT_ONLY,Pas d’historique PIT 2010-2025 fiable; snapshots réellement conservés à partir de 2026-08-26 pour Boursorama.
consensus_delta_1m,Delta consensus 1m,CONTEXTE_NON_SCORANT_ACTUEL,Hors pondération directe actuelle,N/A,0,0,0,0,C_HISTORIQUE_PARTIEL_ANALYSTES,Snapshots analystes/Boursorama/Yahoo/MarketBeat selon champ,LIMITED_RECENT_ONLY,Pas d’historique PIT 2010-2025 fiable; snapshots réellement conservés à partir de 2026-08-26 pour Boursorama.
consensus_score_3m_ago,Consensus 3m,CONTEXTE_NON_SCORANT_ACTUEL,Hors pondération directe actuelle,N/A,0,0,0,0,C_HISTORIQUE_PARTIEL_ANALYSTES,Snapshots analystes/Boursorama/Yahoo/MarketBeat selon champ,LIMITED_RECENT_ONLY,Pas d’historique PIT 2010-2025 fiable; snapshots réellement conservés à partir de 2026-08-26 pour Boursorama.
consensus_delta_3m,Delta consensus 3m,CONTEXTE_NON_SCORANT_ACTUEL,Hors pondération directe actuelle,N/A,0,0,0,0,C_HISTORIQUE_PARTIEL_ANALYSTES,Snapshots analystes/Boursorama/Yahoo/MarketBeat selon champ,LIMITED_RECENT_ONLY,Pas d’historique PIT 2010-2025 fiable; snapshots réellement conservés à partir de 2026-08-26 pour Boursorama.
net_upgrades_30d,Net upgrades 30j,CONTEXTE_NON_SCORANT_ACTUEL,Hors pondération directe actuelle,N/A,0,0,0,0,C_HISTORIQUE_PARTIEL_ANALYSTES,Snapshots analystes/Boursorama/Yahoo/MarketBeat selon champ,LIMITED_RECENT_ONLY,Pas d’historique PIT 2010-2025 fiable; snapshots réellement conservés à partir de 2026-08-26 pour Boursorama.
target_raises_30d,Hausses objectif 30j,CONTEXTE_NON_SCORANT_ACTUEL,Hors pondération directe actuelle,N/A,0,0,0,0,C_HISTORIQUE_PARTIEL_ANALYSTES,Snapshots analystes/Boursorama/Yahoo/MarketBeat selon champ,LIMITED_RECENT_ONLY,Pas d’historique PIT 2010-2025 fiable; snapshots réellement conservés à partir de 2026-08-26 pour Boursorama.
target_cuts_30d,Baisses objectif 30j,CONTEXTE_NON_SCORANT_ACTUEL,Hors pondération directe actuelle,N/A,0,0,0,0,C_HISTORIQUE_PARTIEL_ANALYSTES,Snapshots analystes/Boursorama/Yahoo/MarketBeat selon champ,LIMITED_RECENT_ONLY,Pas d’historique PIT 2010-2025 fiable; snapshots réellement conservés à partir de 2026-08-26 pour Boursorama.
net_target_revisions_30d,Net révisions cible 30j,CONTEXTE_NON_SCORANT_ACTUEL,Hors pondération directe actuelle,N/A,0,0,0,0,C_HISTORIQUE_PARTIEL_ANALYSTES,Snapshots analystes/Boursorama/Yahoo/MarketBeat selon champ,LIMITED_RECENT_ONLY,Pas d’historique PIT 2010-2025 fiable; snapshots réellement conservés à partir de 2026-08-26 pour Boursorama.
revision_breadth_30d,Breadth révisions 30j,CONTEXTE_NON_SCORANT_ACTUEL,Hors pondération directe actuelle,N/A,0,0,0,0,C_HISTORIQUE_PARTIEL_ANALYSTES,Snapshots analystes/Boursorama/Yahoo/MarketBeat selon champ,LIMITED_RECENT_ONLY,Pas d’historique PIT 2010-2025 fiable; snapshots réellement conservés à partir de 2026-08-26 pour Boursorama.
consensus_confidence,Confiance consensus,CONTEXTE_NON_SCORANT_ACTUEL,Hors pondération directe actuelle,N/A,0,0,0,0,C_HISTORIQUE_PARTIEL_ANALYSTES,Snapshots analystes/Boursorama/Yahoo/MarketBeat selon champ,LIMITED_RECENT_ONLY,Pas d’historique PIT 2010-2025 fiable; snapshots réellement conservés à partir de 2026-08-26 pour Boursorama.
weighted_target_revision_30d_pct,Révision cible pondérée,CONTEXTE_NON_SCORANT_ACTUEL,Hors pondération directe actuelle,N/A,0,0,0,0,C_HISTORIQUE_PARTIEL_ANALYSTES,Snapshots analystes/Boursorama/Yahoo/MarketBeat selon champ,LIMITED_RECENT_ONLY,Pas d’historique PIT 2010-2025 fiable; snapshots réellement conservés à partir de 2026-08-26 pour Boursorama.
weighted_consensus_delta_30d,Delta consensus pondéré,CONTEXTE_NON_SCORANT_ACTUEL,Hors pondération directe actuelle,N/A,0,0,0,0,C_HISTORIQUE_PARTIEL_ANALYSTES,Snapshots analystes/Boursorama/Yahoo/MarketBeat selon champ,LIMITED_RECENT_ONLY,Pas d’historique PIT 2010-2025 fiable; snapshots réellement conservés à partir de 2026-08-26 pour Boursorama.
target_revision_acceleration,Accélération révision cible,CONTEXTE_NON_SCORANT_ACTUEL,Hors pondération directe actuelle,N/A,0,0,0,0,C_HISTORIQUE_PARTIEL_ANALYSTES,Snapshots analystes/Boursorama/Yahoo/MarketBeat selon champ,LIMITED_RECENT_ONLY,Pas d’historique PIT 2010-2025 fiable; snapshots réellement conservés à partir de 2026-08-26 pour Boursorama.
analyst_momentum_score,Score momentum analystes,CONTEXTE_NON_SCORANT_ACTUEL,Hors pondération directe actuelle,N/A,0,0,0,0,C_HISTORIQUE_PARTIEL_ANALYSTES,Snapshots analystes/Boursorama/Yahoo/MarketBeat selon champ,LIMITED_RECENT_ONLY,Pas d’historique PIT 2010-2025 fiable; snapshots réellement conservés à partir de 2026-08-26 pour Boursorama.
committee_analyst_signal,Signal analystes comité,CONTEXTE_NON_SCORANT_ACTUEL,Hors pondération directe actuelle,N/A,0,0,0,0,C_HISTORIQUE_PARTIEL_ANALYSTES,Snapshots analystes/Boursorama/Yahoo/MarketBeat selon champ,LIMITED_RECENT_ONLY,Pas d’historique PIT 2010-2025 fiable; snapshots réellement conservés à partir de 2026-08-26 pour Boursorama.
committee_analyst_gate,Gate analystes comité,CONTEXTE_NON_SCORANT_ACTUEL,Hors pondération directe actuelle,N/A,0,0,0,0,E_META_OUTPUT_NOT_PREDICTOR,Métadonnée / score / sortie / qualité,DESCRIPTIVE_OR_EXCLUDE,Ne doit pas être utilisé comme prédicteur brut sans démonstration d’antériorité.
committee_review_required,Review comité,CONTEXTE_NON_SCORANT_ACTUEL,Hors pondération directe actuelle,N/A,0,0,0,0,E_META_OUTPUT_NOT_PREDICTOR,Métadonnée / score / sortie / qualité,DESCRIPTIVE_OR_EXCLUDE,Ne doit pas être utilisé comme prédicteur brut sans démonstration d’antériorité.
committee_score_with_analyst_momentum,Score comité analystes,CONTEXTE_NON_SCORANT_ACTUEL,Hors pondération directe actuelle,N/A,0,0,0,0,E_META_OUTPUT_NOT_PREDICTOR,Métadonnée / score / sortie / qualité,DESCRIPTIVE_OR_EXCLUDE,Ne doit pas être utilisé comme prédicteur brut sans démonstration d’antériorité.
analyst_momentum_score_pre_marketbeat,Score analystes pré MarketBeat,CONTEXTE_NON_SCORANT_ACTUEL,Hors pondération directe actuelle,N/A,0,0,0,0,C_HISTORIQUE_PARTIEL_ANALYSTES,Snapshots analystes/Boursorama/Yahoo/MarketBeat selon champ,LIMITED_RECENT_ONLY,Pas d’historique PIT 2010-2025 fiable; snapshots réellement conservés à partir de 2026-08-26 pour Boursorama.
target_revision_signal_pct,Signal révision cible %,CONTEXTE_NON_SCORANT_ACTUEL,Hors pondération directe actuelle,N/A,0,0,0,0,C_HISTORIQUE_PARTIEL_ANALYSTES,Snapshots analystes/Boursorama/Yahoo/MarketBeat selon champ,LIMITED_RECENT_ONLY,Pas d’historique PIT 2010-2025 fiable; snapshots réellement conservés à partir de 2026-08-26 pour Boursorama.
consensus_change_signal,Signal changement consensus,CONTEXTE_NON_SCORANT_ACTUEL,Hors pondération directe actuelle,N/A,0,0,0,0,C_HISTORIQUE_PARTIEL_ANALYSTES,Snapshots analystes/Boursorama/Yahoo/MarketBeat selon champ,LIMITED_RECENT_ONLY,Pas d’historique PIT 2010-2025 fiable; snapshots réellement conservés à partir de 2026-08-26 pour Boursorama.
marketbeat_confirmation_state,État confirmation MarketBeat,CONTEXTE_NON_SCORANT_ACTUEL,Hors pondération directe actuelle,N/A,0,0,0,0,C_HISTORIQUE_PARTIEL_ANALYSTES,Snapshots analystes/Boursorama/Yahoo/MarketBeat selon champ,LIMITED_RECENT_ONLY,Pas d’historique PIT 2010-2025 fiable; snapshots réellement conservés à partir de 2026-08-26 pour Boursorama.
marketbeat_risk_revision_pct,Risque révision MarketBeat,CONTEXTE_NON_SCORANT_ACTUEL,Hors pondération directe actuelle,N/A,0,0,0,0,C_HISTORIQUE_PARTIEL_ANALYSTES,Snapshots analystes/Boursorama/Yahoo/MarketBeat selon champ,LIMITED_RECENT_ONLY,Pas d’historique PIT 2010-2025 fiable; snapshots réellement conservés à partir de 2026-08-26 pour Boursorama.
target_change_12m_abs,Variation objectif 12m abs,CONTEXTE_NON_SCORANT_ACTUEL,Hors pondération directe actuelle,N/A,0,0,0,0,C_HISTORIQUE_PARTIEL_ANALYSTES,Snapshots analystes/Boursorama/Yahoo/MarketBeat selon champ,LIMITED_RECENT_ONLY,Pas d’historique PIT 2010-2025 fiable; snapshots réellement conservés à partir de 2026-08-26 pour Boursorama.
decision_reason,Raison décision,CONTEXTE_NON_SCORANT_ACTUEL,Hors pondération directe actuelle,N/A,0,0,0,0,E_META_OUTPUT_NOT_PREDICTOR,Métadonnée / score / sortie / qualité,DESCRIPTIVE_OR_EXCLUDE,Ne doit pas être utilisé comme prédicteur brut sans démonstration d’antériorité.
final_reference_origin,Origine référence finale,CONTEXTE_NON_SCORANT_ACTUEL,Hors pondération directe actuelle,N/A,0,0,0,0,E_META_OUTPUT_NOT_PREDICTOR,Métadonnée / score / sortie / qualité,DESCRIPTIVE_OR_EXCLUDE,Ne doit pas être utilisé comme prédicteur brut sans démonstration d’antériorité.
quarantine_reason,Raison quarantaine,CONTEXTE_NON_SCORANT_ACTUEL,Hors pondération directe actuelle,N/A,0,0,0,0,E_META_OUTPUT_NOT_PREDICTOR,Métadonnée / score / sortie / qualité,DESCRIPTIVE_OR_EXCLUDE,Ne doit pas être utilisé comme prédicteur brut sans démonstration d’antériorité.
quarantine_history_rows_6mo,Historique quarantaine 6m,CONTEXTE_NON_SCORANT_ACTUEL,Hors pondération directe actuelle,N/A,0,0,0,0,E_META_OUTPUT_NOT_PREDICTOR,Métadonnée / score / sortie / qualité,DESCRIPTIVE_OR_EXCLUDE,Ne doit pas être utilisé comme prédicteur brut sans démonstration d’antériorité.
quarantine_avg_volume_20d,Volume moyen quarantaine,CONTEXTE_NON_SCORANT_ACTUEL,Hors pondération directe actuelle,N/A,0,0,0,0,E_META_OUTPUT_NOT_PREDICTOR,Métadonnée / score / sortie / qualité,DESCRIPTIVE_OR_EXCLUDE,Ne doit pas être utilisé comme prédicteur brut sans démonstration d’antériorité.
committee_score_1829,Score Comité Actions,SCORE_DERIVE,Score dérivé,N/A,Dérivé,0,0,0,E_META_OUTPUT_NOT_PREDICTOR,Métadonnée / score / sortie / qualité,DESCRIPTIVE_OR_EXCLUDE,Ne doit pas être utilisé comme prédicteur brut sans démonstration d’antériorité.
