isin;yahoo_ticker;finnhub_symbol;status;updated_at
BE0003599108;IMMO.BR;IMMO.BR;RESOLVED;2026-08-07T07:27:57.662311+00:00
BE0003602134;MOUR.BR;MOUR.BR;RESOLVED;2026-08-07T07:26:20.747627+00:00
BE0003604155;LOTB.BR;LOTB.BR;RESOLVED;2026-08-07T07:25:11.960068+00:00
BE0003656676;RECT.BR;RECT.BR;RESOLVED;2026-08-07T07:28:52.638057+00:00
BE0003699130;GIMB.BR;GIMB.BR;RESOLVED;2026-08-07T07:27:44.758758+00:00
BE0003717312;SOF.BR;SOF.BR;RESOLVED;2026-08-07T07:25:22.677534+00:00
BE0003741551;ROU.BR;ROU.BR;RESOLVED;2026-08-07T07:28:56.973116+00:00
BE0003748622;IEP.BR;IEP.BR;RESOLVED;2026-08-07T07:27:55.511626+00:00
BE0003818359;LKFT.AS;LKFT.AS;RESOLVED;2026-08-07T07:25:05.524624+00:00
BE0003858751;JEN.BR;JEN.BR;RESOLVED;2026-08-07T07:26:07.841661+00:00
BE0003898187;SIP.BR;SIP.BR;RESOLVED;2026-08-07T07:28:41.900766+00:00
BE0974265945;FLUX.BR;FLUX.BR;RESOLVED;2026-08-07T07:27:36.104638+00:00
BE0974340722;SEQUA.BR;SEQUA.BR;RESOLVED;2026-08-07T07:28:37.611386+00:00
BE0974363955;HYL.BR;HYL.BR;RESOLVED;2026-08-07T07:27:46.910143+00:00
BE0974374069;INCLU.BR;INCLU.BR;RESOLVED;2026-08-07T07:28:01.999243+00:00
BE0974501331;MTLS.BR;MTLS.BR;RESOLVED;2026-08-07T07:26:44.441026+00:00
BE0974502347;FLOB.BR;FLOB.BR;RESOLVED;2026-08-07T07:27:33.961554+00:00
FR0000030074;MALT.PA;MALT.PA;RESOLVED;2026-08-07T07:26:55.197422+00:00
FR0000033904;JCQ.PA;JCQ.PA;RESOLVED;2026-08-07T07:26:05.700407+00:00
FR0000034894;GAM.PA;GAM.PA;RESOLVED;2026-08-07T07:27:08.179718+00:00
FR0000039109;SCHP.PA;SCHP.PA;RESOLVED;2026-08-07T07:28:29.999553+00:00
FR0000051070;MAU.PA;MAU.PA;RESOLVED;2026-08-07T07:26:46.581078+00:00
FR0000051393;IDIP.PA;IDIP.PA;RESOLVED;2026-08-07T07:27:53.360547+00:00
FR0000053035;GEA.PA;GEA.PA;RESOLVED;2026-08-07T07:27:10.326157+00:00
FR0000053944;SPEL.PA;SPEL.PA;RESOLVED;2026-08-07T07:27:42.611477+00:00
FR0000064958;ITXT.PA;ITXT.PA;RESOLVED;2026-08-07T07:28:08.454014+00:00
FR0000065492;SLCO.PA;SLCO.PA;RESOLVED;2026-08-07T07:28:34.309410+00:00
FR0000065930;LEBL.PA;LEBL.PA;RESOLVED;2026-08-07T07:27:40.465546+00:00
FR0000065971;GRVO.PA;GRVO.PA;RESOLVED;2026-08-07T07:28:10.609054+00:00
FR0000066722;GUI.PA;GUI.PA;RESOLVED;2026-08-07T07:28:21.408069+00:00
FR0000066755;PIG.PA;PIG.PA;RESOLVED;2026-08-07T07:28:23.554707+00:00
FR0000120107;SAVE.PA;SAVE.PA;RESOLVED;2026-08-07T07:28:27.848523+00:00
FR0004007813;KOF.PA;KOF.PA;RESOLVED;2026-08-07T07:26:12.144259+00:00
FR0004010338;GJAJ.PA;GJAJ.PA;RESOLVED;2026-08-07T07:28:14.912477+00:00
FR0004050250;NRO.PA;NRO.PA;RESOLVED;2026-08-07T07:26:35.832323+00:00
FR0004155000;SFPI.PA;SFPI.PA;RESOLVED;2026-08-07T07:28:19.214551+00:00
FR0004165801;HDP.PA;HDP.PA;RESOLVED;2026-08-07T07:26:57.352031+00:00
FR0006864484;LPE.PA;LPE.PA;RESOLVED;2026-08-07T07:25:44.150630+00:00
FR0010214064;GPE.PA;GPE.PA;RESOLVED;2026-08-07T07:27:25.379838+00:00
FR0010331421;IPH.PA;IPH.PA;RESOLVED;2026-08-07T07:28:06.294372+00:00
FR0011341205;NANO.PA;NANO.PA;RESOLVED;2026-08-07T07:26:29.368989+00:00
FR0012612646;PARP.PA;PARP.PA;RESOLVED;2026-08-07T07:28:17.060210+00:00
FR0012634822;MAAT.PA;MAAT.PA;RESOLVED;2026-08-07T07:26:37.993316+00:00
FR0012872141;JBOG.PA;JBOG.PA;RESOLVED;2026-08-07T07:26:03.552764+00:00
FR0013153541;MDM.PA;MDM.PA;RESOLVED;2026-08-07T07:26:40.141125+00:00
FR0013183985;SIGHT.PA;SIGHT.PA;RESOLVED;2026-08-07T07:27:16.762504+00:00
FR0013482791;NACON.PA;NACON.PA;RESOLVED;2026-08-07T07:26:27.226363+00:00
FR0014003VY4;HDF.PA;HDF.PA;RESOLVED;2026-08-07T07:27:01.720762+00:00
FR0014009YQ1;LHYFE.PA;LHYFE.PA;RESOLVED;2026-08-07T07:25:48.460111+00:00
FR001400IE67;MHM.PA;MHM.PA;RESOLVED;2026-08-07T07:26:22.921692+00:00
FR001400JY13;LAT.PA;LAT.PA;RESOLVED;2026-08-07T07:25:42.003341+00:00
FR001400SF56;LOUP.PA;LOUP.PA;RESOLVED;2026-08-07T07:25:50.605235+00:00
FR001400SU99;FMONC.PA;FMONC.PA;RESOLVED;2026-08-07T07:28:44.051457+00:00
IE0004906560;KRZ.IR;KRZ.IR;RESOLVED;2026-08-07T07:25:14.101527+00:00
IE0004927939;KRX.IR;KRX.IR;RESOLVED;2026-08-07T07:25:16.240604+00:00
IE000O0F49R3;SENUS;;UNRESOLVED;2026-08-07T07:28:36.522142+00:00
IE00BD1RP616;BIRG.IR;BIRG.IR;RESOLVED;2026-08-07T07:25:20.535908+00:00
IE00BD6JX574;GVR;GVR.IR;RESOLVED;2026-08-07T07:27:21.077662+00:00
IE00BDC5DG00;KMR;KMR.L;RESOLVED;2026-08-07T07:26:16.440593+00:00
IE00BF0L3536;A5G.IR;A5G.IR;RESOLVED;2026-08-07T07:25:07.669515+00:00
IE00BLP58571;IR5B;IR5B.IR;RESOLVED;2026-08-07T07:25:54.906987+00:00
IE00BYTBXV33;RYA.L;RYA.IR;RESOLVED;2026-08-07T07:25:18.387426+00:00
IT0000060886;FNM.MI;FNM.MI;RESOLVED;2026-08-07T07:27:38.247777+00:00
IT0000062957;MB.MI;MB.MI;RESOLVED;2026-08-07T07:25:09.811066+00:00
IT0001077780;IRC.MI;IRC.MI;RESOLVED;2026-08-07T07:25:52.749924+00:00
IT0001402269;RN.MI;RN.MI;RESOLVED;2026-08-07T07:28:54.826604+00:00
IT0001413837;IMS.MI;IMS.MI;RESOLVED;2026-08-07T07:27:59.806021+00:00
IT0001447785;MTV.MI;MTV.MI;RESOLVED;2026-08-07T07:27:49.062104+00:00
IT0001469953;SFT.MI;SFT.MI;RESOLVED;2026-08-07T07:28:46.208415+00:00
IT0003057624;ITW.MI;ITW.MI;RESOLVED;2026-08-07T07:25:57.103827+00:00
IT0003203947;GE.MI;GE.MI;RESOLVED;2026-08-07T07:27:12.474395+00:00
IT0003411417;IEG.MI;IEG.MI;RESOLVED;2026-08-07T07:25:59.245389+00:00
IT0003621783;SSL.MI;SSL.MI;RESOLVED;2026-08-07T07:28:59.117920+00:00
IT0004098510;GSP.MI;GSP.MI;RESOLVED;2026-08-07T07:27:06.027511+00:00
IT0004552359;KME.MI;KME.MI;RESOLVED;2026-08-07T07:26:53.045022+00:00
IT0004724107;RAT.MI;RAT.MI;RESOLVED;2026-08-07T07:28:48.353294+00:00
IT0004931496;RCS.MI;RCS.MI;RESOLVED;2026-08-07T07:28:50.496441+00:00
IT0005108219;IGV.MI;IGV.MI;RESOLVED;2026-08-07T07:27:51.213254+00:00
IT0005215329;FF.MI;FF.MI;RESOLVED;2026-08-07T07:27:29.673266+00:00
IT0005221517;GPI.MI;GPI.MI;RESOLVED;2026-08-07T07:27:27.526117+00:00
IT0005245508;INDB.MI;INDB.MI;RESOLVED;2026-08-07T07:28:04.144218+00:00
IT0005275778;NDT.MI;NDT.MI;RESOLVED;2026-08-07T07:26:33.684049+00:00
IT0005283640;SERI.MI;SERI.MI;RESOLVED;2026-08-07T07:28:39.757764+00:00
IT0005345233;GHC.MI;GHC.MI;RESOLVED;2026-08-07T07:27:03.876512+00:00
IT0005438046;IOT.MI;IOT.MI;RESOLVED;2026-08-07T07:28:32.148333+00:00
IT0005481855;MET.MI;MET.MI;RESOLVED;2026-08-07T07:26:50.904047+00:00
IT0005572778;JUVE.MI;JUVE.MI;RESOLVED;2026-08-07T07:26:09.990204+00:00
IT0005619843;LNDR.MI;LNDR.MI;RESOLVED;2026-08-07T07:25:39.856501+00:00
IT0005713232;OROX.MI;OROX.MI;RESOLVED;2026-08-07T07:27:14.612751+00:00
NL0000371243;NEDAP.AS;NEDAP.AS;RESOLVED;2026-08-07T07:26:31.536899+00:00
NL0000378669;PORF.AS;PORF.AS;RESOLVED;2026-08-07T07:26:42.293637+00:00
NL0000440311;HOLCO.AS;HOLCO.AS;RESOLVED;2026-08-07T07:27:18.935261+00:00
NL0000488153;MOP.BR;MOP.BR;RESOLVED;2026-08-07T07:26:18.603622+00:00
NL0000852523;TWEKA.AS;TWEKA.AS;RESOLVED;2026-08-07T07:25:33.393432+00:00
NL0000852531;KENDR.AS;KENDR.AS;RESOLVED;2026-08-07T07:26:14.289301+00:00
NL0000852564;AALB.AS;AALB.AS;RESOLVED;2026-08-07T07:25:31.254365+00:00
NL0009169515;EARTH.AS;EARTH.AS;RESOLVED;2026-08-07T07:28:12.762423+00:00
NL0009391242;HYDRA.AS;HYDRA.AS;RESOLVED;2026-08-07T07:26:59.495398+00:00
NL0010545679;LVIDE.AS;LVIDE.AS;RESOLVED;2026-08-07T07:25:46.299745+00:00
NL0010556726;HWK.AS;HWK.AS;RESOLVED;2026-08-07T07:28:25.701629+00:00
NL0012015705;TKWY.AS;TKWY.AS;RESOLVED;2026-08-07T07:25:35.548283+00:00
NL0014332678;JDEP.AS;JDEP.AS;RESOLVED;2026-08-07T07:25:37.709753+00:00
NO0003054108;MOWI.OL;MOWI.OL;RESOLVED;2026-08-07T07:25:29.113624+00:00
PTFXD0AM0018;FLEXD.LS;FLEXD.LS;RESOLVED;2026-08-07T07:27:31.819755+00:00
PTGMC0AM0003;MCP.LS;MCP.LS;RESOLVED;2026-08-07T07:26:48.722739+00:00
PTIBS0AM0008;IBS.LS;IBS.LS;RESOLVED;2026-08-07T07:25:26.971865+00:00
PTIPR0AM0000;IPR.LS;IPR.LS;RESOLVED;2026-08-07T07:26:01.405521+00:00
PTMFR0AM0003;MAR.LS;MAR.LS;RESOLVED;2026-08-07T07:26:25.073535+00:00
PTPAD0AM0007;GLINT.LS;GLINT.LS;RESOLVED;2026-08-07T07:27:23.236407+00:00
PTTD10AM0000;TDSA.LS;TDSA.LS;RESOLVED;2026-08-07T07:25:24.823198+00:00
