isin;yahoo_ticker;ticker_primary;mic;exchange;currency;validation_status;source_url;as_of
FR0013380607;CACC.PA;CACC;XPAR;Euronext Paris;EUR;FINAL_VALIDATED;https://www.boursorama.com/bourse/trackers/cours/1rTCACC/;2026-08-06
FR0007052782;CAC.PA;CAC;XPAR;Euronext Paris;EUR;FINAL_VALIDATED;https://www.boursorama.com/bourse/trackers/cours/1rTCAC/;2026-08-06
FR001400ZGQ9;CA40.PA;CA40;XPAR;Euronext Paris;EUR;FINAL_VALIDATED;https://www.boursorama.com/bourse/trackers/cours/1rTCA40/;2026-08-06
FR0010655704;CF1.PA;CF1;XPAR;Euronext Paris;EUR;FINAL_VALIDATED;https://www.boursorama.com/bourse/trackers/cours/1rTCF1/;2026-08-06
LU1681047236;C50.PA;C50;XPAR;Euronext Paris;EUR;FINAL_VALIDATED;https://www.boursorama.com/bourse/trackers/cours/1rTC50/;2026-08-06
LU1681047319;CD5.PA;CD5;XPAR;Euronext Paris;EUR;FINAL_VALIDATED;https://www.justetf.com/en-be/etf-profile.html?isin=LU1681047319;2026-08-06
LU1646361276;MFEC.PA;MFEC;XPAR;Euronext Paris;EUR;FINAL_VALIDATED;https://www.boursorama.com/bourse/trackers/cours/1rTMFEC/;2026-08-06
LU1646360971;MFE.PA;MFE;XPAR;Euronext Paris;EUR;FINAL_VALIDATED;https://www.boursorama.com/bourse/trackers/cours/1rTMFE/;2026-08-06
LU0252633754;DAX.PA;DAX;XPAR;Euronext Paris;EUR;FINAL_VALIDATED;https://fr.finance.yahoo.com/quote/DAX.PA/;2026-08-20
FR0010655712;CG1.PA;CG1;XPAR;Euronext Paris;EUR;FINAL_VALIDATED;https://www.boursorama.com/bourse/trackers/cours/1rTCG1/;2026-08-06
FR0007054358;MSE.PA;MSE;XPAR;Euronext Paris;EUR;FINAL_VALIDATED;https://www.boursorama.com/bourse/trackers/cours/1rTMSE/;2026-08-06
LU1829219390;BNKE.PA;BNKE;XPAR;Euronext Paris;EUR;FINAL_VALIDATED;https://www.boursorama.com/bourse/trackers/cours/1rTBNKE/;2026-08-06
FR001400ZGP1;MSES.PA;MSES;XPAR;Euronext Paris;EUR;FINAL_VALIDATED;https://www.boursorama.com/bourse/trackers/cours/1rTMSES/;2026-08-06
FR0010010827;MIB.PA;MIB;XPAR;Euronext Paris;EUR;FINAL_VALIDATED;https://www.boursorama.com/bourse/trackers/cours/1rTMIB/;2026-08-06
LU1681046931;C40.PA;C40;XPAR;Euronext Paris;EUR;FINAL_VALIDATED;https://www.boursorama.com/bourse/trackers/cours/1rTC40/;2026-08-06
LU1681047079;C4D.PA;C4D;XPAR;Euronext Paris;EUR;FINAL_VALIDATED;https://www.boursorama.com/bourse/trackers/cours/1rTC4D/;2026-08-06
LU1681037518;FMI.PA;FMI;XPAR;Euronext Paris;EUR;FINAL_VALIDATED;https://www.boursorama.com/bourse/trackers/cours/1rTFMI/;2026-08-06
LU1681043599;CW8.PA;CW8;XPAR;Euronext Paris;EUR;FINAL_VALIDATED;https://www.boursorama.com/bourse/trackers/cours/1rTCW8/;2026-08-06
LU2655993207;EWLD.PA;EWLD;XPAR;Euronext Paris;EUR;FINAL_VALIDATED;https://www.boursorama.com/bourse/trackers/cours/1rTEWLD/;2026-08-06
LU1681038672;RS2K.PA;RS2K;XPAR;Euronext Paris;EUR;FINAL_VALIDATED;https://www.boursorama.com/bourse/trackers/cours/1rTRS2K/;2026-08-06
FR0010655746;CS1.PA;CS1;XPAR;Euronext Paris;EUR;FINAL_VALIDATED;https://www.boursorama.com/bourse/trackers/cours/1rTCS1/;2026-08-06
LU2182388582;PABZ.PA;PABZ;XPAR;Euronext Paris;EUR;FINAL_VALIDATED;https://www.boursorama.com/bourse/trackers/cours/1rTPABZ/;2026-08-06
LU0908501058;MFED.PA;MFED;XPAR;Euronext Paris;EUR;FINAL_VALIDATED;https://www.boursorama.com/bourse/trackers/cours/1rTMFED/;2026-08-06
LU2059756325;CMUD.PA;CMUD;XPAR;Euronext Paris;EUR;FINAL_VALIDATED;https://live.euronext.com/en/product/etfs/LU2059756325-XPAR/market-information;2026-08-06
LU1602144575;CMU.PA;CMU;XPAR;Euronext Paris;EUR;FINAL_VALIDATED;https://www.boursorama.com/bourse/trackers/cours/1rTCMU/;2026-08-06
FR0010717090;CD8.PA;CD8;XPAR;Euronext Paris;EUR;FINAL_VALIDATED;https://www.boursorama.com/bourse/trackers/cours/1rTCD8/;2026-08-06
LU2109787635;EESG.PA;EESG;XPAR;Euronext Paris;EUR;FINAL_VALIDATED;https://www.boursorama.com/bourse/trackers/cours/1rTEESG/;2026-08-06
LU1598689153;MMS.PA;MMS;XPAR;Euronext Paris;EUR;FINAL_VALIDATED;https://www.boursorama.com/bourse/trackers/cours/1rTMMS/;2026-08-06
LU1598690169;VAL.PA;VAL;XPAR;Euronext Paris;EUR;FINAL_VALIDATED;https://www.boursorama.com/bourse/trackers/cours/1rTVAL/;2026-08-06
FR0010405431;GRE.PA;GRE;XPAR;Euronext Paris;EUR;FINAL_VALIDATED;https://www.boursorama.com/bourse/trackers/cours/1rTGRE/;2026-08-06
LU2195226068;EPAB.PA;EPAB;XPAR;Euronext Paris;EUR;FINAL_VALIDATED;https://www.boursorama.com/bourse/trackers/cours/1rTEPAB/;2026-08-06
LU1834983477;BNK.PA;BNK;XPAR;Euronext Paris;EUR;FINAL_VALIDATED;https://www.boursorama.com/bourse/trackers/cours/1rTBNK/;2026-08-06
LU1834986900;HLT.PA;HLT;XPAR;Euronext Paris;EUR;FINAL_VALIDATED;https://www.boursorama.com/bourse/trackers/cours/1rTHLT/;2026-08-06
LU1834987890;IND.PA;IND;XPAR;Euronext Paris;EUR;FINAL_VALIDATED;https://www.boursorama.com/bourse/trackers/cours/1rTIND/;2026-08-06
LU1834987973;INS.PA;INS;XPAR;Euronext Paris;EUR;FINAL_VALIDATED;https://www.boursorama.com/bourse/trackers/cours/1rTINS/;2026-08-06
LU1834988518;TNO.PA;TNO;XPAR;Euronext Paris;EUR;FINAL_VALIDATED;https://www.boursorama.com/bourse/trackers/cours/1rTTNO/;2026-08-06
LU1834988609;TELE.PA;TELE;XPAR;Euronext Paris;EUR;FINAL_VALIDATED;https://www.boursorama.com/bourse/trackers/cours/1rTTELE/;2026-08-06
LU1834988864;UTI.PA;UTI;XPAR;Euronext Paris;EUR;FINAL_VALIDATED;https://www.boursorama.com/bourse/trackers/cours/1rTUTI/;2026-08-06
LU1834983550;BRES.PA;BRES;XPAR;Euronext Paris;EUR;FINAL_VALIDATED;https://www.boursorama.com/bourse/trackers/cours/1rTBRES/;2026-08-06
LU1834983634;CHM.PA;CHM;XPAR;Euronext Paris;EUR;FINAL_VALIDATED;https://www.boursorama.com/bourse/trackers/cours/1rTCHM/;2026-08-06
LU1834988781;TRV.PA;TRV;XPAR;Euronext Paris;EUR;FINAL_VALIDATED;https://www.boursorama.com/bourse/trackers/cours/1rTTRV/;2026-08-06
LU1834985845;FOO.PA;FOO;XPAR;Euronext Paris;EUR;FINAL_VALIDATED;https://www.boursorama.com/bourse/trackers/cours/1rTFOO/;2026-08-06
LU1812092168;SEL.PA;SEL;XPAR;Euronext Paris;EUR;FINAL_VALIDATED;https://www.boursorama.com/bourse/trackers/cours/1rTSEL/;2026-08-06
FR0010150458;E40.PA;E40;XPAR;Euronext Paris;EUR;FINAL_VALIDATED;https://www.boursorama.com/bourse/trackers/cours/1rTE40/;2026-08-06
LU1615090864;EDEU.PA;EDEU;XPAR;Euronext Paris;EUR;FINAL_VALIDATED;https://www.boursorama.com/bourse/trackers/cours/1rTEDEU/;2026-08-06
LU3025345516;CASHE.PA;CASHE;XPAR;Euronext Paris;EUR;FINAL_VALIDATED;https://www.boursorama.com/bourse/trackers/cours/1rTCASHE/;2026-08-06
LU1377382103;EQUA.PA;EQUA;XPAR;Euronext Paris;EUR;FINAL_VALIDATED;https://www.boursorama.com/bourse/trackers/cours/1rTEQUA/;2026-08-06
LU1481201611;QUED.PA;QUED;XPAR;Euronext Paris;EUR;FINAL_VALIDATED;https://www.boursorama.com/bourse/trackers/cours/1rTQUED/;2026-08-06
LU1377382285;EVAE.PA;EVAE;XPAR;Euronext Paris;EUR;FINAL_VALIDATED;https://www.boursorama.com/bourse/trackers/cours/1rTEVAE/;2026-08-06
LU1481201702;VALD.PA;VALD;XPAR;Euronext Paris;EUR;FINAL_VALIDATED;https://www.boursorama.com/bourse/trackers/cours/1rTVALD/;2026-08-06
LU1291098827;EEMU.PA;EEMU;XPAR;Euronext Paris;EUR;FINAL_VALIDATED;https://www.boursorama.com/bourse/trackers/cours/1rTEEMU/;2026-08-06
LU1953137681;MUSRI.PA;MUSRI;XPAR;Euronext Paris;EUR;FINAL_VALIDATED;https://www.boursorama.com/bourse/trackers/cours/1rTMUSRI/;2026-08-06
LU2823896811;ACE29.PA;ACE29;XPAR;Euronext Paris;EUR;FINAL_VALIDATED;https://www.boursorama.com/bourse/trackers/cours/1rTACE29/;2026-08-06
LU2446381555;BIODV.PA;BIODV;XPAR;Euronext Paris;EUR;FINAL_VALIDATED;https://www.boursorama.com/bourse/trackers/cours/1rTBIODV/;2026-08-06
LU3047998896;GUARD.PA;GUARD;XPAR;Euronext Paris;EUR;FINAL_VALIDATED;https://www.boursorama.com/bourse/trackers/cours/1rTGUARD/;2026-08-06
FR0012739431;ETDD.PA;ETDD;XPAR;Euronext Paris;EUR;FINAL_VALIDATED;https://www.boursorama.com/bourse/trackers/cours/1rTETDD/;2026-08-06
FR0012740983;ETBB.PA;ETBB;XPAR;Euronext Paris;EUR;FINAL_VALIDATED;https://www.boursorama.com/bourse/trackers/cours/1rTETBB/;2026-08-06
LU2244387887;EGRO.PA;EGRO;XPAR;Euronext Paris;EUR;FINAL_VALIDATED;https://live.euronext.com/nb/product/etfs/LU2244387887-XPAR;2026-08-06
LU2194448267;LCEZ.PA;LCEZ;XPAR;Euronext Paris;EUR;FINAL_VALIDATED;https://www.boursorama.com/bourse/trackers/cours/1rTLCEZ/;2026-08-06
FR0011550185;ESE.PA;ESE;XPAR;Euronext Paris;EUR;FINAL_VALIDATED;https://www.boursorama.com/bourse/trackers/cours/1rTESE/;2026-08-06
FR0013041530;ESEH.PA;ESEH;XPAR;Euronext Paris;EUR;FINAL_VALIDATED;https://www.justetf.com/fr/etf-profile.html?isin=FR0013041530;2026-08-06
FR0011550193;ETZ.PA;ETZ;XPAR;Euronext Paris;EUR;FINAL_VALIDATED;https://www.boursorama.com/bourse/trackers/cours/1rTETZ/;2026-08-06
FR0011550672;ETZD.PA;ETZD;XPAR;Euronext Paris;EUR;FINAL_VALIDATED;https://www.boursorama.com/bourse/trackers/cours/1rTETZD/;2026-08-06
IE00B8X9NY41;FEUZ.AS;FEUZ;XAMS;Euronext Amsterdam;EUR;FINAL_VALIDATED;https://www.boursorama.com/bourse/trackers/cours/1rAFEUZ/;2026-08-06
IE00B4K6B022;50E.PA;50E;XPAR;Euronext Paris;EUR;FINAL_VALIDATED;https://www.boursorama.com/bourse/trackers/cours/1rT50E/;2026-08-06
LU1847674733;OP2E.PA;OP2E;XPAR;Euronext Paris;EUR;FINAL_VALIDATED;https://www.boursorama.com/bourse/trackers/cours/1rTOP2E/;2026-08-06
LU1079842321;CAPE.PA;CAPE;XPAR;Euronext Paris;EUR;FINAL_VALIDATED;https://www.boursorama.com/bourse/trackers/cours/1rTCAPE/;2026-08-06
IE00B910VR50;EMUE.PA;EMUE;XPAR;Euronext Paris;EUR;FINAL_VALIDATED;https://www.boursorama.com/bourse/trackers/cours/1rTEMUE/;2026-08-06
IE00B5M1WJ87;EUDV.PA;EUDV;XPAR;Euronext Paris;EUR;FINAL_VALIDATED;https://www.boursorama.com/bourse/trackers/cours/1rTEUDV/;2026-08-06
LU0136234068;UIM1.AS;UIM1;XAMS;Euronext Amsterdam;EUR;FINAL_VALIDATED;https://www.boursorama.com/bourse/trackers/cours/1rAUIM1/;2026-08-06
LU0629460675;UIMR.AS;UIMR;XAMS;Euronext Amsterdam;EUR;FINAL_VALIDATED;https://www.boursorama.com/bourse/trackers/cours/1rAUIMR/;2026-08-06
IE00BKX55S42;VERX.AS;VERX;XAMS;Euronext Amsterdam;EUR;FINAL_VALIDATED;https://www.vanguard.co.uk/professional/product/etf/equity/9524/ftse-developed-europe-ex-uk-ucits-etf-eur-distributing;2026-08-06
IE00BQZJBX31;EEI.PA;EEI;XPAR;Euronext Paris;EUR;FINAL_VALIDATED;https://www.boursorama.com/bourse/trackers/cours/1rTEEI/;2026-08-06
IE00BZ56TQ67;EGRA.PA;EGRA;XPAR;Euronext Paris;EUR;FINAL_VALIDATED;https://www.boursorama.com/bourse/trackers/cours/1rTEGRA/;2026-08-06
FR001400KE06;COSE.PA;COSE;XPAR;Euronext Paris;EUR;FINAL_VALIDATED;https://www.boursorama.com/bourse/trackers/cours/1rTCOSE/;2026-08-06
FR0013412012;PAASI.PA;PAASI;XPAR;Euronext Paris;EUR;FINAL_VALIDATED;https://www.boursorama.com/bourse/trackers/cours/1rTPAASI/;2026-08-06
FR0011869312;PAEJ.PA;PAEJ;XPAR;Euronext Paris;EUR;FINAL_VALIDATED;https://www.boursorama.com/bourse/trackers/cours/1rTPAEJ/;2026-08-06
FR0011871078;PASI.PA;PASI;XPAR;Euronext Paris;EUR;FINAL_VALIDATED;https://www.boursorama.com/bourse/trackers/cours/1rTPASI/;2026-08-06
FR0011882364;AWAT.PA;AWAT;XPAR;Euronext Paris;EUR;FINAL_VALIDATED;https://www.boursorama.com/bourse/trackers/cours/1rTAWAT/;2026-08-06
FR0011440478;PLEM.PA;PLEM;XPAR;Euronext Paris;EUR;FINAL_VALIDATED;https://www.boursorama.com/bourse/trackers/cours/1rTPLEM/;2026-08-06
FR0013412020;PAEEM.PA;PAEEM;XPAR;Euronext Paris;EUR;FINAL_VALIDATED;https://www.boursorama.com/bourse/trackers/cours/1rTPAEEM/;2026-08-06
FR0013346681;OBLI.PA;OBLI;XPAR;Euronext Paris;EUR;FINAL_VALIDATED;https://www.boursorama.com/bourse/trackers/cours/1rTOBLI/;2026-08-06
FR0011869304;PMEH.PA;PMEH;XPAR;Euronext Paris;EUR;FINAL_VALIDATED;https://www.boursorama.com/bourse/trackers/cours/1rTPMEH/;2026-08-06
FR0011869320;PINR.PA;PINR;XPAR;Euronext Paris;EUR;FINAL_VALIDATED;https://www.boursorama.com/bourse/trackers/cours/1rTPINR/;2026-08-06
FR0013411980;PTPXE.PA;PTPXE;XPAR;Euronext Paris;EUR;FINAL_VALIDATED;https://www.boursorama.com/bourse/trackers/cours/1rTPTPXE/;2026-08-06
FR0013411998;PTPXH.PA;PTPXH;XPAR;Euronext Paris;EUR;FINAL_VALIDATED;https://www.boursorama.com/bourse/trackers/cours/1rTPTPXH/;2026-08-06
FR001400S9V0;MLUX.PA;MLUX;XPAR;Euronext Paris;EUR;FINAL_VALIDATED;https://www.boursorama.com/bourse/trackers/cours/1rTMLUX/;2026-08-06
FR0013412004;PALAT.PA;PALAT;XPAR;Euronext Paris;EUR;FINAL_VALIDATED;https://www.boursorama.com/bourse/trackers/cours/1rTPALAT/;2026-08-06
FR001400ZGO4;PEMS.PA;PEMS;XPAR;Euronext Paris;EUR;FINAL_VALIDATED;https://www.boursorama.com/bourse/trackers/cours/1rTPEMS/;2026-08-06
FR0013412038;PCEU.PA;PCEU;XPAR;Euronext Paris;EUR;FINAL_VALIDATED;https://www.boursorama.com/bourse/trackers/cours/1rTPCEU/;2026-08-06
LU1681042864;CU2.PA;CU2;XPAR;Euronext Paris;EUR;FINAL_VALIDATED;https://www.boursorama.com/bourse/trackers/cours/1rTCU2/;2026-08-06
FR001400KH45;USVE.PA;USVE;XPAR;Euronext Paris;EUR;FINAL_VALIDATED;https://www.boursorama.com/bourse/trackers/cours/1rTUSVE/;2026-08-06
FR001400U5Q4;DCAM.PA;DCAM;XPAR;Euronext Paris;EUR;FINAL_VALIDATED;https://www.boursorama.com/bourse/trackers/cours/1rTDCAM/;2026-08-06
FR0011871110;PUST.PA;PUST;XPAR;Euronext Paris;EUR;FINAL_VALIDATED;https://www.boursorama.com/bourse/trackers/cours/1rTPUST/;2026-08-06
FR001400ZGR7;PNAS.PA;PNAS;XPAR;Euronext Paris;EUR;FINAL_VALIDATED;https://www.boursorama.com/bourse/trackers/cours/1rTPNAS/;2026-08-06
FR0013412285;PE500.PA;PE500;XPAR;Euronext Paris;EUR;FINAL_VALIDATED;https://www.boursorama.com/bourse/trackers/cours/1rTPE500/;2026-08-06
FR0013412293;P500H.PA;P500H;XPAR;Euronext Paris;EUR;FINAL_VALIDATED;https://www.boursorama.com/bourse/trackers/cours/1rTP500H/;2026-08-06
FR0011871128;PSP5.PA;PSP5;XPAR;Euronext Paris;EUR;FINAL_VALIDATED;https://www.boursorama.com/bourse/trackers/cours/1rTPSP5/;2026-08-06
FR0011871136;PSPH.PA;PSPH;XPAR;Euronext Paris;EUR;FINAL_VALIDATED;https://www.boursorama.com/bourse/trackers/cours/1rTPSPH/;2026-08-06
FR0011869270;PDJE.PA;PDJE;XPAR;Euronext Paris;EUR;FINAL_VALIDATED;https://www.boursorama.com/bourse/trackers/cours/1rTPDJE/;2026-08-06
FR001400ZGS5;PSPS.PA;PSPS;XPAR;Euronext Paris;EUR;FINAL_VALIDATED;https://www.boursorama.com/bourse/trackers/cours/1rTPSPS/;2026-08-06
FR0013412269;PANX.PA;PANX;XPAR;Euronext Paris;EUR;FINAL_VALIDATED;https://www.boursorama.com/bourse/trackers/cours/1rTPANX/;2026-08-06