source;required_from_1931_file;role_in_source_file;implementation;applies_to;documented_fields;integration_point;static_status;runtime_validation;limitations_or_controls
EURONEXT_LIVE_PUBLIC;true;PRIMARY_IDENTITY_AND_MARKET;src/v182/free_capture/euronext_live_public.py|src/v182/free_capture/etf_public_reference.py;ACTIONS_ETF;ISIN_NAME_SYMBOL_MARKET_MIC_COUNTRY_PRICE_FLOAT_SPREAD;V21.1_orchestrator_and_V20.7_ETF;COMPLETED_STATIC_NOT_EXECUTED;NOT_RUN_BY_USER_REQUEST;Exact ISIN required on product page; only publicly exposed fields accepted
EURONEXT_DELAYED;true;MARKET_OFFICIAL;src/v182/free_capture/official_delayed.py;ACTIONS_ETF;OHLCV_TRADES;V21.1_orchestrator;EXISTING_STATIC_NOT_EXECUTED;NOT_RUN_BY_USER_REQUEST;15-minute delayed official file; terms/session may gate direct access
BOURSORAMA_ETF;true;ETF_ELIGIBILITY_AND_MARKET;src/v182/free_capture/etf_public_reference.py;ETF_102;PEA_ELIGIBILITY_PRICE_PERF_RISK_MORNINGSTAR;V20.7_ETF_before_Yahoo;COMPLETED_STATIC_NOT_EXECUTED;NOT_RUN_BY_USER_REQUEST;PEA-filtered discovery plus product-page exact-ISIN validation; no unguarded name-only acceptance
LESMEILLEURSFONDS_PEA;true;ETF_PEA_CROSSCHECK;src/v182/free_capture/etf_public_reference.py;ETF_102;PEA_ELIGIBILITY_TER_IF_EXPOSED_BENCHMARK_IF_EXPOSED;V20.7_ETF_before_Yahoo;COMPLETED_STATIC_NOT_EXECUTED;NOT_RUN_BY_USER_REQUEST;Editorial corroboration only; never outranks canonical or issuer eligibility
YFINANCE;true;PRIMARY_MARKET_TECHNICAL_AND_FALLBACK_FUNDAMENTALS;src/v182/decision/actions_v210_enrichment.py|src/v182/decision/actions_v210_yahoo_backfill.py|src/v182/decision/etf102_direct_enrichment.py|src/v182/free_capture/derive_market.py;ACTIONS_ETF;OHLCV_MARKET_CAP_PER_SECTOR_TARGET_CONSENSUS_BETA_VOL_MAXDD_SHARPE_RSI_MM_STOCH_MACD_ATR_BOLLINGER_VOLUME;V21.0_Actions_and_V20.7_ETF;COMPLETED_STATIC_NOT_EXECUTED;NOT_RUN_BY_USER_REQUEST;Unofficial free source; identity/price guards; official issuer/ESEF facts protected from lower-quality overwrite
OPENFIGI_V3;true;IDENTITY_MAPPING;src/v182/free_capture/openfigi_v3.py|src/v182/free_capture/etf_public_reference.py;ACTIONS_ETF;ISIN_FIGI_TICKER_EXCHANGE_SECURITY_TYPE;V21.1_orchestrator_and_V20.7_ETF;COMPLETED_STATIC_NOT_EXECUTED;NOT_RUN_BY_USER_REQUEST;Batch/quota guarded; ambiguous matches retained as explicit resolution status
MARKETSTACK_FREE;true;OHLCV_FALLBACK;src/v182/free_capture/marketstack_free.py;ACTIONS_GAPS;OHLCV;V21.1_orchestrator;EXISTING_STATIC_NOT_EXECUTED;NOT_RUN_BY_USER_REQUEST;Very small free quota and sparse European coverage; strict identity matching
FINNHUB_FREE;true;FUNDAMENTALS_ANALYSTS_PROSPECTIVE;src/v182/free_capture/finnhub_free.py|src/v182/sources/finnhub_consensus.py|src/v182/decision/actions_v210_finnhub_backfill_v2.py;ACTIONS;ROE_ROA_ROIC_PER_EV_EBITDA_REVENUE_CAGR5_FCF_YIELD_TARGET_CONSENSUS_UPGRADES_DOWNGRADES_BROKER_WEIGHTED_REVISION;V21.1_and_V21.0;COMPLETED_STATIC_NOT_EXECUTED;NOT_RUN_BY_USER_REQUEST;Global free-tier rate guard; endpoint entitlements may vary; missing stays missing; no invented Analyst Momentum weight
FRED;true;MACRO;src/v182/sources/fred_macro.py|src/v182/sources/funnel_context.py|src/v182/free_capture/complementary_context.py;ACTIONS_ETF_CONTEXT;VIX_10Y2Y_CPI_INFLATION_PMI_IF_VALIDATED;V21.1_context_and_TopDown;COMPLETED_STATIC_NOT_EXECUTED;NOT_RUN_BY_USER_REQUEST;VIX curve and CPI are stable defaults; PMI requires explicitly validated current FRED series ID to avoid obsolete data
ECB;true;MACRO_RATES;src/v182/free_capture/complementary_context.py|src/v182/sources/funnel_context.py;ACTIONS_ETF_CONTEXT;ECB_DEPOSIT_RATE_RECENT_CHANGE_DIRECTION;V21.1_context_and_TopDown;EXISTING_STATIC_NOT_EXECUTED;NOT_RUN_BY_USER_REQUEST;Official public ECB data only
EUROSTAT;true;MACRO_INFLATION_EU;src/v182/sources/eurostat_hicp_current.py|src/v182/free_capture/complementary_context.py;ACTIONS_ETF_CONTEXT;HICP_COUNTRY_INFLATION_SCORE;V21.1_context_and_TopDown;EXISTING_STATIC_NOT_EXECUTED;NOT_RUN_BY_USER_REQUEST;Freshness gate; missing/stale remains missing
EIA;true;ENERGY;src/v182/sources/eia_energy.py|src/v182/free_capture/complementary_context.py;ACTIONS_ETF_CONTEXT;WTI_BRENT_BRENT_WTI_SPREAD;V21.1_context_and_TopDown;EXISTING_STATIC_NOT_EXECUTED;NOT_RUN_BY_USER_REQUEST;Sector context propagated but no new weighting before backtest
GDELT;true;NEWS_PRIMARY;src/v182/sources/news_resilient.py;ACTIONS_ETF_CONTEXT;NEWS_SCORE_POLARITY_MATERIALITY_ARTICLE_COUNT_SOURCE_DIVERSITY;TopDown;COMPLETED_STATIC_NOT_EXECUTED;NOT_RUN_BY_USER_REQUEST;Score polarity and materiality are observed-title heuristics; no neutral imputation when unavailable
GOOGLE_NEWS_RSS;true;NEWS_FALLBACK;src/v182/sources/news_resilient.py;ACTIONS_ETF_CONTEXT;NEWS_SCORE_POLARITY_MATERIALITY_ARTICLE_COUNT;TopDown;COMPLETED_STATIC_NOT_EXECUTED;NOT_RUN_BY_USER_REQUEST;Fallback only after GDELT error/no usable articles
CNN_FEAR_GREED;true;MARKET_SENTIMENT;src/v182/sources/market_sentiment.py;ACTIONS_ETF_CONTEXT;FEAR_GREED_SCORE_RATING;V21.1_context_and_TopDown;EXISTING_STATIC_NOT_EXECUTED;NOT_RUN_BY_USER_REQUEST;Freshness gate and fresh public fallback only
AAII;true;INVESTOR_SENTIMENT;src/v182/sources/market_sentiment.py;ACTIONS_ETF_CONTEXT;BULLISH_NEUTRAL_BEARISH_BULL_BEAR_SPREAD;V21.1_context_and_TopDown;EXISTING_STATIC_NOT_EXECUTED;NOT_RUN_BY_USER_REQUEST;Official public survey parsing with arithmetic and freshness gate
AMF_SHORT_POSITIONS;true;REGULATORY_SMART_MONEY_SHORT;src/v182/free_capture/amf_short_positions.py;ACTIONS_FRANCE;PUBLIC_NET_SHORT_AGGREGATE_MAX_HOLDER_HOLDER_COUNT_DATE;V21.1_then_V21.0_propagation;COMPLETED_STATIC_NOT_EXECUTED;NOT_RUN_BY_USER_REQUEST;Official public file; public threshold means it cannot reveal sub-threshold positions
ECB_FINANCIAL_STABILITY_REPORT;true;METHODOLOGY_SMART_MONEY;config/V21.1_METHODOLOGY_REFERENCES.csv;METHOD;SHORT_POSITION_IMPACT_LIQUIDITY_RISK;Model_governance;METHODOLOGY_REFERENCE_ONLY;NOT_APPLICABLE;Never treated as live observation or direct score
AMUNDI_ETF;true;OFFICIAL_ETF_ISSUER;src/v182/free_capture/etf_public_reference.py;ETF_102_AMUNDI;TER_AUM_HOLDINGS_DISTRIBUTION_REPLICATION_BENCHMARK_PEA_IF_EXPLICIT_KID_FACTSHEET;V20.7_ETF_before_Yahoo;COMPLETED_STATIC_NOT_EXECUTED;NOT_RUN_BY_USER_REQUEST;Search page is discovery only; PEA confirmation requires explicit product-page or canonical evidence; exact ISIN validation
BNPP_ETF;true;OFFICIAL_ETF_ISSUER;src/v182/free_capture/etf_public_reference.py;ETF_102_BNPP;TER_AUM_BENCHMARK_PEA_FLAG_OFFICIAL_RANGE_FACTSHEET;V20.7_ETF_before_Yahoo;COMPLETED_STATIC_NOT_EXECUTED;NOT_RUN_BY_USER_REQUEST;Official XLS range preferred; product-page fallback requires exact ISIN
SPDR_ETF;true;OFFICIAL_ETF_ISSUER;src/v182/free_capture/etf_public_reference.py;ETF_102_SPDR;TER_AUM_HOLDINGS_DISTRIBUTION_REPLICATION_BENCHMARK_PEA_KID_FACTSHEET;V20.7_ETF_before_Yahoo;COMPLETED_STATIC_NOT_EXECUTED;NOT_RUN_BY_USER_REQUEST;Official fund-finder discovery then exact-ISIN product-page validation
MORNINGSTAR_FR;true;ETF_RATING_AND_CATEGORY;src/v182/free_capture/etf_public_reference.py;ETF_102;RATING_CATEGORY_RANK_1Y_3Y_5Y_PERFORMANCE_IF_PUBLIC;V20.7_ETF_before_Yahoo;COMPLETED_STATIC_NOT_EXECUTED;NOT_RUN_BY_USER_REQUEST;Public ISIN lookup only; no internal Morningstar identifier guessed; Boursorama Morningstar data remains corroborating fallback
NBER_W30917;true;METHODOLOGY_SHORT_TERM;config/V21.1_METHODOLOGY_REFERENCES.csv;METHOD;REVERSAL_BREAKOUT_LIQUIDITY_INTRADAY_VOLUME;Model_governance;METHODOLOGY_REFERENCE_ONLY;NOT_APPLICABLE;Research reference only; weights require empirical backtest
NBER_W16601;true;METHODOLOGY_MEDIUM_TERM;config/V21.1_METHODOLOGY_REFERENCES.csv;METHOD;PERFORMANCE_RISK_MEDIUM_TERM;Model_governance;METHODOLOGY_REFERENCE_ONLY;NOT_APPLICABLE;Research reference only; weights require empirical backtest
AMF_ETF_GUIDE;true;METHODOLOGY_ETF_RISK;config/V21.1_METHODOLOGY_REFERENCES.csv;METHOD;ETF_CONCENTRATION_DIVERSIFICATION_RISK;Model_governance;METHODOLOGY_REFERENCE_ONLY;NOT_APPLICABLE;Investor/risk methodology only; never live market data
GLEIF_ISIN_LEI_BULK;false;COMPLEMENTARY_IDENTITY;src/v182/free_capture/gleif_bulk.py;ACTIONS;ISIN_LEI;V21.1_orchestrator;EXISTING_STATIC_NOT_EXECUTED;NOT_RUN_BY_USER_REQUEST;Additional official free identity source not listed in 1931 file
GLEIF_ISIN_LEI;false;COMPLEMENTARY_IDENTITY_FALLBACK;src/v182/free_capture/gleif_lei.py;ACTIONS;ISIN_LEI;V21.1_orchestrator;EXISTING_STATIC_NOT_EXECUTED;NOT_RUN_BY_USER_REQUEST;Fallback after bulk mapping
ESEF_XBRL_JSON;false;COMPLEMENTARY_OFFICIAL_FUNDAMENTALS;src/v182/free_capture/esef_xbrl.py|src/v182/free_capture/derive_fundamentals.py;ACTIONS_REGULATED;FINANCIAL_STATEMENTS_AND_DERIVED_RATIOS;V21.1_orchestrator;EXISTING_STATIC_NOT_EXECUTED;NOT_RUN_BY_USER_REQUEST;Official filings by LEI; preferred to unofficial fundamentals when present
TWELVEDATA_FREE;false;COMPLEMENTARY_OHLCV_FALLBACK;src/v182/free_capture/twelvedata_free.py;ACTIONS_GAPS;OHLCV;V21.1_orchestrator;EXISTING_STATIC_NOT_EXECUTED;NOT_RUN_BY_USER_REQUEST;Free entitlement varies by European venue; credit guard
ALPHA_VANTAGE_FREE;false;COMPLEMENTARY_FUNDAMENTALS_OHLCV;src/v182/free_capture/alpha_free.py;ACTIONS_GAPS;OVERVIEW_FUNDAMENTALS_OHLCV;V21.1_orchestrator;EXISTING_STATIC_NOT_EXECUTED;NOT_RUN_BY_USER_REQUEST;Very small free call budget and sparse EU coverage
ZONEBOURSE_PUBLIC_V3;false;COMPLEMENTARY_ANALYST_SOURCE;src/v182/free_capture/zonebourse_public_v3.py;ACTIONS_TOP_GAPS;TARGETS_CONSENSUS_ANALYST_COUNT;V21.1_orchestrator;COMPLETED_STATIC_NOT_EXECUTED;NOT_RUN_BY_USER_REQUEST;Targeted cache; analyst-index discovery plus exact ISIN/price validation
EODHD_FREE_EOD;false;COMPLEMENTARY_OHLCV_FREE_TIER;src/v182/free_capture/eodhd_free.py;ACTIONS_MARKET_GAPS;ONE_YEAR_DAILY_OHLCV;V21.1_pre_orchestrator_seed;COMPLETED_STATIC_NOT_EXECUTED;NOT_RUN_BY_USER_REQUEST;Official free tier 20 calls/day and one-year history; hard guard 18 calls leaves diagnostic reserve; canonical-price identity check
ABC_BOURSE;false;MANUAL_HISTORY_SEED;src/v182/free_capture/manual_imports.py;ACTIONS_ETF_GAPS;OHLCV_HISTORY_EXPORT;manual_import;MANUAL_ONLY;NOT_RUN_BY_USER_REQUEST;Free-login export; credentials are never scraped
PROREALTIME;false;MANUAL_VALIDATION;src/v182/free_capture/manual_imports.py;SHORTLIST;PRICE_VOLUME_VALIDATION;manual_import;MANUAL_ONLY;NOT_RUN_BY_USER_REQUEST;Desktop/account-dependent export only
EODHD_FUNDAMENTALS;false;NON_FREE_FUNDAMENTAL_FALLBACK;src/v182/decision/actions_v210_eodhd_backfill_v2.py;ACTIONS;FUNDAMENTALS_VALUATION_ESTIMATES;V21.0_manual_optional_step;EXCLUDED_FROM_FREE_DEFAULT;NOT_RUN_BY_USER_REQUEST;Fundamental and extended endpoints are outside the usable free contract; step is disabled by default and requires explicit manual opt-in
MARKETBEAT;false;EXTERNAL_PUBLIC_RESEARCH_NOT_IN_1931_FILE;NONE_ACTIVE;PEA_NOT_SYSTEMATIC;PUBLIC_STOCK_RESEARCH_TOOLS;NONE;EXCLUDED_NO_VERIFIED_FREE_PEA_API;NOT_APPLICABLE;Official site promotes free stock tools mainly US/Canada/UK; no verified durable free PEA-Europe API contract found in this audit; no legacy key is treated as operational dependency
