isin;status;source_run;source_artifact_sha256
BE0003605160;START_AFTER_ANCHOR_UNRESOLVED;32485729404;86a3185b10877388f3d03fb0b169271d6124db8e725d743deb56b63e1a98a2de
DE000A3ENQ51;START_AFTER_ANCHOR_UNRESOLVED;32485729404;86a3185b10877388f3d03fb0b169271d6124db8e725d743deb56b63e1a98a2de
DE000AUM0V10;START_AFTER_ANCHOR_UNRESOLVED;32485729404;86a3185b10877388f3d03fb0b169271d6124db8e725d743deb56b63e1a98a2de
ES0105777017;START_AFTER_ANCHOR_UNRESOLVED;32485729404;86a3185b10877388f3d03fb0b169271d6124db8e725d743deb56b63e1a98a2de
FI4000552526;START_AFTER_ANCHOR_UNRESOLVED;32485729404;86a3185b10877388f3d03fb0b169271d6124db8e725d743deb56b63e1a98a2de
FR0013326246;START_AFTER_ANCHOR_UNRESOLVED;32485729404;86a3185b10877388f3d03fb0b169271d6124db8e725d743deb56b63e1a98a2de
GRS528003007;START_AFTER_ANCHOR_UNRESOLVED;32485729404;86a3185b10877388f3d03fb0b169271d6124db8e725d743deb56b63e1a98a2de
IT0005380602;START_AFTER_ANCHOR_UNRESOLVED;32485729404;86a3185b10877388f3d03fb0b169271d6124db8e725d743deb56b63e1a98a2de
IT0005500688;START_AFTER_ANCHOR_UNRESOLVED;32485729404;86a3185b10877388f3d03fb0b169271d6124db8e725d743deb56b63e1a98a2de
IT0005707341;START_AFTER_ANCHOR_UNRESOLVED;32485729404;86a3185b10877388f3d03fb0b169271d6124db8e725d743deb56b63e1a98a2de
LU2999653251;START_AFTER_ANCHOR_UNRESOLVED;32485729404;86a3185b10877388f3d03fb0b169271d6124db8e725d743deb56b63e1a98a2de
NL0015002K83;START_AFTER_ANCHOR_UNRESOLVED;32485729404;86a3185b10877388f3d03fb0b169271d6124db8e725d743deb56b63e1a98a2de
NO0013401380;START_AFTER_ANCHOR_UNRESOLVED;32485729404;86a3185b10877388f3d03fb0b169271d6124db8e725d743deb56b63e1a98a2de
NO0013755728;START_AFTER_ANCHOR_UNRESOLVED;32485729404;86a3185b10877388f3d03fb0b169271d6124db8e725d743deb56b63e1a98a2de
SE0017486897;START_AFTER_ANCHOR_UNRESOLVED;32485729404;86a3185b10877388f3d03fb0b169271d6124db8e725d743deb56b63e1a98a2de
