criterion_id,name,description,family,horizon,direction,weight_default,source,frequency,pit_required,status,missing_policy,decision_role,provenance,source_row_id
V15_C001,ISIN validé,ISIN validé,01 Identité & PEA,MULTI,GOVERNED_RULE,0.5929,Référentiel/Euronext/émetteur,Mensuel,True,ACTIVE,CONTRACT_TO_50,Final,VERIFIED_REPOSITORY_WORKBOOK_V18.2_ALL_CRITERIA,V15_C001
V15_C002,Ticker/place validés,Ticker/place validés,01 Identité & PEA,MULTI,GOVERNED_RULE,0.5929,Référentiel/Euronext/émetteur,Mensuel,True,ACTIVE,CONTRACT_TO_50,Final,VERIFIED_REPOSITORY_WORKBOOK_V18.2_ALL_CRITERIA,V15_C002
V15_C003,Éligibilité PEA,Éligibilité PEA,01 Identité & PEA,MULTI,GOVERNED_RULE,0.5929,Référentiel/Euronext/émetteur,Mensuel,True,ACTIVE,BLOCK,Final,VERIFIED_REPOSITORY_WORKBOOK_V18.2_ALL_CRITERIA,V15_C003
V15_C004,Confiance PEA,Confiance PEA,01 Identité & PEA,MULTI,GOVERNED_RULE,0.5929,Référentiel/Euronext/émetteur,Mensuel,True,ACTIVE,CONTRACT_TO_50,Final,VERIFIED_REPOSITORY_WORKBOOK_V18.2_ALL_CRITERIA,V15_C004
V15_C005,Devise de cotation,Devise de cotation,01 Identité & PEA,MULTI,GOVERNED_RULE,0.5929,Référentiel/Euronext/émetteur,Mensuel,True,ACTIVE,CONTRACT_TO_50,Final,VERIFIED_REPOSITORY_WORKBOOK_V18.2_ALL_CRITERIA,V15_C005
V15_C006,Pays de domicile,Pays de domicile,01 Identité & PEA,MULTI,GOVERNED_RULE,0.5929,Référentiel/Euronext/émetteur,Mensuel,True,ACTIVE,CONTRACT_TO_50,Final,VERIFIED_REPOSITORY_WORKBOOK_V18.2_ALL_CRITERIA,V15_C006
V15_C007,Fraîcheur des données,Fraîcheur des données,01 Identité & PEA,MULTI,GOVERNED_RULE,0.5929,Référentiel/Euronext/émetteur,Mensuel,True,ACTIVE,CONTRACT_TO_50,Final,VERIFIED_REPOSITORY_WORKBOOK_V18.2_ALL_CRITERIA,V15_C007
V15_C008,Qualité de preuve,Qualité de preuve,01 Identité & PEA,MULTI,GOVERNED_RULE,0.5929,Référentiel/Euronext/émetteur,Mensuel,True,ACTIVE,CONTRACT_TO_50,Final,VERIFIED_REPOSITORY_WORKBOOK_V18.2_ALL_CRITERIA,V15_C008
V15_C009,Conflits de sources,Conflits de sources,01 Identité & PEA,MULTI,GOVERNED_RULE,0.5929,Référentiel/Euronext/émetteur,Mensuel,True,ACTIVE,CONTRACT_TO_50,Final,VERIFIED_REPOSITORY_WORKBOOK_V18.2_ALL_CRITERIA,V15_C009
V15_C010,Gouvernance,Gouvernance,01 Identité & PEA,MULTI,GOVERNED_RULE,0,AMF/émetteur,Trimestriel,True,ACTIVE,CONTRACT_TO_50,Final,VERIFIED_REPOSITORY_WORKBOOK_V18.2_ALL_CRITERIA,V15_C010
V15_C011,Free float,Free float,01 Identité & PEA,MULTI,GOVERNED_RULE,0,AMF/émetteur,Trimestriel,True,ACTIVE,CONTRACT_TO_50,Final,VERIFIED_REPOSITORY_WORKBOOK_V18.2_ALL_CRITERIA,V15_C011
V15_C012,Risque de dilution,Risque de dilution,01 Identité & PEA,MULTI,GOVERNED_RULE,0,AMF/émetteur,Trimestriel,True,ACTIVE,CONTRACT_TO_50,Final,VERIFIED_REPOSITORY_WORKBOOK_V18.2_ALL_CRITERIA,V15_C012
V15_C013,Dernier cours,Dernier cours,02 Liquidité & Exécution,MULTI,GOVERNED_RULE,0.6423,Marketstack/Yahoo/courtier,Quotidien,True,ACTIVE,CONTRACT_TO_50,Final,VERIFIED_REPOSITORY_WORKBOOK_V18.2_ALL_CRITERIA,V15_C013
V15_C014,Volume du jour,Volume du jour,02 Liquidité & Exécution,MULTI,GOVERNED_RULE,0.6423,Marketstack/Yahoo/courtier,Quotidien,True,ACTIVE,CONTRACT_TO_50,Final,VERIFIED_REPOSITORY_WORKBOOK_V18.2_ALL_CRITERIA,V15_C014
V15_C015,Volume moyen 20 jours,Volume moyen 20 jours,02 Liquidité & Exécution,MULTI,GOVERNED_RULE,0.6423,Marketstack/Yahoo/courtier,Quotidien,True,ACTIVE,CONTRACT_TO_50,Final,VERIFIED_REPOSITORY_WORKBOOK_V18.2_ALL_CRITERIA,V15_C015
V15_C016,Volume moyen 60 jours,Volume moyen 60 jours,02 Liquidité & Exécution,MULTI,GOVERNED_RULE,0.6423,Marketstack/Yahoo/courtier,Quotidien,True,ACTIVE,CONTRACT_TO_50,Final,VERIFIED_REPOSITORY_WORKBOOK_V18.2_ALL_CRITERIA,V15_C016
V15_C017,RVOL20,RVOL20,02 Liquidité & Exécution,MULTI,GOVERNED_RULE,0.6423,Marketstack/Yahoo/courtier,Quotidien,True,ACTIVE,CONTRACT_TO_50,Final,VERIFIED_REPOSITORY_WORKBOOK_V18.2_ALL_CRITERIA,V15_C017
V15_C018,Bid,Bid,02 Liquidité & Exécution,MULTI,GOVERNED_RULE,0.6423,Marketstack/Yahoo/courtier,Quotidien,True,ACTIVE,BLOCK_EXECUTION,Final,VERIFIED_REPOSITORY_WORKBOOK_V18.2_ALL_CRITERIA,V15_C018
V15_C019,Ask,Ask,02 Liquidité & Exécution,MULTI,GOVERNED_RULE,0.6423,Marketstack/Yahoo/courtier,Quotidien,True,ACTIVE,BLOCK_EXECUTION,Final,VERIFIED_REPOSITORY_WORKBOOK_V18.2_ALL_CRITERIA,V15_C019
V15_C020,Spread T0,Spread T0,02 Liquidité & Exécution,MULTI,GOVERNED_RULE,0.6423,Marketstack/Yahoo/courtier,Quotidien,True,ACTIVE,CONTRACT_TO_50,Final,VERIFIED_REPOSITORY_WORKBOOK_V18.2_ALL_CRITERIA,V15_C020
V15_C021,Spread moyen EOD,Spread moyen EOD,02 Liquidité & Exécution,MULTI,GOVERNED_RULE,0.6423,Marketstack/Yahoo/courtier,Quotidien,True,ACTIVE,CONTRACT_TO_50,Final,VERIFIED_REPOSITORY_WORKBOOK_V18.2_ALL_CRITERIA,V15_C021
V15_C022,Profondeur du carnet,Profondeur du carnet,02 Liquidité & Exécution,MULTI,GOVERNED_RULE,0.6423,Marketstack/Yahoo/courtier,Quotidien,True,ACTIVE,BLOCK_EXECUTION,Final,VERIFIED_REPOSITORY_WORKBOOK_V18.2_ALL_CRITERIA,V15_C022
V15_C023,Impact size,Impact size,02 Liquidité & Exécution,MULTI,GOVERNED_RULE,0.6423,Marketstack/Yahoo/courtier,Quotidien,True,ACTIVE,CONTRACT_TO_50,Final,VERIFIED_REPOSITORY_WORKBOOK_V18.2_ALL_CRITERIA,V15_C023
V15_C024,Frais courtier,Frais courtier,02 Liquidité & Exécution,MULTI,GOVERNED_RULE,0.6423,Marketstack/Yahoo/courtier,Quotidien,True,ACTIVE,CONTRACT_TO_50,Final,VERIFIED_REPOSITORY_WORKBOOK_V18.2_ALL_CRITERIA,V15_C024
V15_C025,Slippage estimé,Slippage estimé,02 Liquidité & Exécution,MULTI,GOVERNED_RULE,0.6423,Marketstack/Yahoo/courtier,Quotidien,True,ACTIVE,CONTRACT_TO_50,Final,VERIFIED_REPOSITORY_WORKBOOK_V18.2_ALL_CRITERIA,V15_C025
V15_C026,Coût total d’entrée,Coût total d’entrée,02 Liquidité & Exécution,MULTI,GOVERNED_RULE,0.6423,Marketstack/Yahoo/courtier,Quotidien,True,ACTIVE,CONTRACT_TO_50,Final,VERIFIED_REPOSITORY_WORKBOOK_V18.2_ALL_CRITERIA,V15_C026
V15_C027,Cost Gate,Cost Gate,02 Liquidité & Exécution,MULTI,GOVERNED_RULE,0.6423,Marketstack/Yahoo/courtier,Quotidien,True,ACTIVE,BLOCK_EXECUTION,Final,VERIFIED_REPOSITORY_WORKBOOK_V18.2_ALL_CRITERIA,V15_C027
V15_C028,Émetteur,Émetteur,03 Structure ETF,MULTI,GOVERNED_RULE,0.7905,Émetteur/KID/Marketstack,Mensuel,True,ACTIVE,CONTRACT_TO_50,Final,VERIFIED_REPOSITORY_WORKBOOK_V18.2_ALL_CRITERIA,V15_C028
V15_C029,Indice suivi,Indice suivi,03 Structure ETF,MULTI,GOVERNED_RULE,0.7905,Émetteur/KID/Marketstack,Mensuel,True,ACTIVE,CONTRACT_TO_50,Final,VERIFIED_REPOSITORY_WORKBOOK_V18.2_ALL_CRITERIA,V15_C029
V15_C030,TER,TER,03 Structure ETF,MULTI,GOVERNED_RULE,0.7905,Émetteur/KID/Marketstack,Mensuel,True,ACTIVE,CONTRACT_TO_50,Final,VERIFIED_REPOSITORY_WORKBOOK_V18.2_ALL_CRITERIA,V15_C030
V15_C031,Encours AUM,Encours AUM,03 Structure ETF,MULTI,GOVERNED_RULE,0.7905,Émetteur/KID/Marketstack,Mensuel,True,ACTIVE,CONTRACT_TO_50,Final,VERIFIED_REPOSITORY_WORKBOOK_V18.2_ALL_CRITERIA,V15_C031
V15_C032,Ancienneté du fonds,Ancienneté du fonds,03 Structure ETF,MULTI,GOVERNED_RULE,0.7905,Émetteur/KID/Marketstack,Mensuel,True,ACTIVE,CONTRACT_TO_50,Final,VERIFIED_REPOSITORY_WORKBOOK_V18.2_ALL_CRITERIA,V15_C032
V15_C033,Réplication,Réplication,03 Structure ETF,MULTI,GOVERNED_RULE,0.7905,Émetteur/KID/Marketstack,Mensuel,True,ACTIVE,CONTRACT_TO_50,Final,VERIFIED_REPOSITORY_WORKBOOK_V18.2_ALL_CRITERIA,V15_C033
V15_C034,Risque contrepartie swap,Risque contrepartie swap,03 Structure ETF,MULTI,GOVERNED_RULE,0.7905,Émetteur/KID/Marketstack,Mensuel,True,ACTIVE,CONTRACT_TO_50,Final,VERIFIED_REPOSITORY_WORKBOOK_V18.2_ALL_CRITERIA,V15_C034
V15_C035,Capitalisant/distribuant,Capitalisant/distribuant,03 Structure ETF,MULTI,GOVERNED_RULE,0.7905,Émetteur/KID/Marketstack,Mensuel,True,ACTIVE,CONTRACT_TO_50,Final,VERIFIED_REPOSITORY_WORKBOOK_V18.2_ALL_CRITERIA,V15_C035
V15_C036,Tracking difference,Tracking difference,03 Structure ETF,MULTI,GOVERNED_RULE,0.7905,Émetteur/KID/Marketstack,Mensuel,True,ACTIVE,CONTRACT_TO_50,Final,VERIFIED_REPOSITORY_WORKBOOK_V18.2_ALL_CRITERIA,V15_C036
V15_C037,Tracking error,Tracking error,03 Structure ETF,MULTI,GOVERNED_RULE,0.7905,Émetteur/KID/Marketstack,Mensuel,True,ACTIVE,CONTRACT_TO_50,Final,VERIFIED_REPOSITORY_WORKBOOK_V18.2_ALL_CRITERIA,V15_C037
V15_C038,Turnover du fonds,Turnover du fonds,03 Structure ETF,MULTI,GOVERNED_RULE,0.7905,Émetteur/KID/Marketstack,Mensuel,True,ACTIVE,CONTRACT_TO_50,Final,VERIFIED_REPOSITORY_WORKBOOK_V18.2_ALL_CRITERIA,V15_C038
V15_C039,Prêt de titres,Prêt de titres,03 Structure ETF,MULTI,GOVERNED_RULE,0.7905,Émetteur/KID/Marketstack,Mensuel,True,ACTIVE,CONTRACT_TO_50,Final,VERIFIED_REPOSITORY_WORKBOOK_V18.2_ALL_CRITERIA,V15_C039
V15_C040,Nombre de positions,Nombre de positions,03 Structure ETF,MULTI,GOVERNED_RULE,0.7905,Émetteur/KID/Marketstack,Mensuel,True,ACTIVE,CONTRACT_TO_50,Final,VERIFIED_REPOSITORY_WORKBOOK_V18.2_ALL_CRITERIA,V15_C040
V15_C041,Concentration Top 10,Concentration Top 10,03 Structure ETF,MULTI,GOVERNED_RULE,0.7905,Émetteur/KID/Marketstack,Mensuel,True,ACTIVE,CONTRACT_TO_50,Final,VERIFIED_REPOSITORY_WORKBOOK_V18.2_ALL_CRITERIA,V15_C041
V15_C042,HHI concentration,HHI concentration,03 Structure ETF,MULTI,GOVERNED_RULE,0.7905,Émetteur/KID/Marketstack,Mensuel,True,ACTIVE,CONTRACT_TO_50,Final,VERIFIED_REPOSITORY_WORKBOOK_V18.2_ALL_CRITERIA,V15_C042
V15_C043,Concentration pays,Concentration pays,03 Structure ETF,MULTI,GOVERNED_RULE,0.7905,Émetteur/KID/Marketstack,Mensuel,True,ACTIVE,CONTRACT_TO_50,Final,VERIFIED_REPOSITORY_WORKBOOK_V18.2_ALL_CRITERIA,V15_C043
V15_C044,Concentration secteurs,Concentration secteurs,03 Structure ETF,MULTI,GOVERNED_RULE,0.7905,Émetteur/KID/Marketstack,Mensuel,True,ACTIVE,CONTRACT_TO_50,Final,VERIFIED_REPOSITORY_WORKBOOK_V18.2_ALL_CRITERIA,V15_C044
V15_C045,Exposition devises,Exposition devises,03 Structure ETF,MULTI,GOVERNED_RULE,0.7905,Émetteur/KID/Marketstack,Mensuel,True,ACTIVE,CONTRACT_TO_50,Final,VERIFIED_REPOSITORY_WORKBOOK_V18.2_ALL_CRITERIA,V15_C045
V15_C046,Couverture de change,Couverture de change,03 Structure ETF,MULTI,GOVERNED_RULE,0.7905,Émetteur/KID/Marketstack,Mensuel,True,ACTIVE,CONTRACT_TO_50,Final,VERIFIED_REPOSITORY_WORKBOOK_V18.2_ALL_CRITERIA,V15_C046
V15_C047,Flux nets ETF,Flux nets ETF,03 Structure ETF,MULTI,GOVERNED_RULE,0.7905,Émetteur/KID/Marketstack,Mensuel,True,ACTIVE,CONTRACT_TO_50,Final,VERIFIED_REPOSITORY_WORKBOOK_V18.2_ALL_CRITERIA,V15_C047
V15_C048,Évolution AUM,Évolution AUM,03 Structure ETF,MULTI,GOVERNED_RULE,0.7905,Émetteur/KID/Marketstack,Mensuel,True,ACTIVE,CONTRACT_TO_50,Final,VERIFIED_REPOSITORY_WORKBOOK_V18.2_ALL_CRITERIA,V15_C048
V15_C049,Risque de fermeture/fusion,Risque de fermeture/fusion,03 Structure ETF,MULTI,GOVERNED_RULE,0.7905,Émetteur/KID/Marketstack,Mensuel,True,ACTIVE,CONTRACT_TO_50,Final,VERIFIED_REPOSITORY_WORKBOOK_V18.2_ALL_CRITERIA,V15_C049
V15_C050,Croissance CA 1 an,Croissance CA 1 an,04 Fondamentaux Actions,MULTI,GOVERNED_RULE,0,Yahoo/Alpha/émetteur,Trimestriel,True,ACTIVE,CONTRACT_TO_50,Final,VERIFIED_REPOSITORY_WORKBOOK_V18.2_ALL_CRITERIA,V15_C050
V15_C051,Croissance CA 3 ans,Croissance CA 3 ans,04 Fondamentaux Actions,MULTI,GOVERNED_RULE,0,Yahoo/Alpha/émetteur,Trimestriel,True,ACTIVE,CONTRACT_TO_50,Final,VERIFIED_REPOSITORY_WORKBOOK_V18.2_ALL_CRITERIA,V15_C051
V15_C052,Croissance EPS 1 an,Croissance EPS 1 an,04 Fondamentaux Actions,MULTI,GOVERNED_RULE,0,Yahoo/Alpha/émetteur,Trimestriel,True,ACTIVE,CONTRACT_TO_50,Final,VERIFIED_REPOSITORY_WORKBOOK_V18.2_ALL_CRITERIA,V15_C052
V15_C053,Croissance EPS 3 ans,Croissance EPS 3 ans,04 Fondamentaux Actions,MULTI,GOVERNED_RULE,0,Yahoo/Alpha/émetteur,Trimestriel,True,ACTIVE,CONTRACT_TO_50,Final,VERIFIED_REPOSITORY_WORKBOOK_V18.2_ALL_CRITERIA,V15_C053
V15_C054,Marge EBIT,Marge EBIT,04 Fondamentaux Actions,MULTI,GOVERNED_RULE,0,Yahoo/Alpha/émetteur,Trimestriel,True,ACTIVE,CONTRACT_TO_50,Final,VERIFIED_REPOSITORY_WORKBOOK_V18.2_ALL_CRITERIA,V15_C054
V15_C055,Évolution marge EBIT,Évolution marge EBIT,04 Fondamentaux Actions,MULTI,GOVERNED_RULE,0,Yahoo/Alpha/émetteur,Trimestriel,True,ACTIVE,CONTRACT_TO_50,Final,VERIFIED_REPOSITORY_WORKBOOK_V18.2_ALL_CRITERIA,V15_C055
V15_C056,Marge nette,Marge nette,04 Fondamentaux Actions,MULTI,GOVERNED_RULE,0,Yahoo/Alpha/émetteur,Trimestriel,True,ACTIVE,CONTRACT_TO_50,Final,VERIFIED_REPOSITORY_WORKBOOK_V18.2_ALL_CRITERIA,V15_C056
V15_C057,ROE,ROE,04 Fondamentaux Actions,MULTI,GOVERNED_RULE,0,Yahoo/Alpha/émetteur,Trimestriel,True,ACTIVE,CONTRACT_TO_50,Final,VERIFIED_REPOSITORY_WORKBOOK_V18.2_ALL_CRITERIA,V15_C057
V15_C058,ROA,ROA,04 Fondamentaux Actions,MULTI,GOVERNED_RULE,0,Yahoo/Alpha/émetteur,Trimestriel,True,ACTIVE,CONTRACT_TO_50,Final,VERIFIED_REPOSITORY_WORKBOOK_V18.2_ALL_CRITERIA,V15_C058
V15_C059,ROIC,ROIC,04 Fondamentaux Actions,MULTI,GOVERNED_RULE,0,Yahoo/Alpha/émetteur,Trimestriel,True,ACTIVE,CONTRACT_TO_50,Final,VERIFIED_REPOSITORY_WORKBOOK_V18.2_ALL_CRITERIA,V15_C059
V15_C060,Free cash-flow yield,Free cash-flow yield,04 Fondamentaux Actions,MULTI,GOVERNED_RULE,0,Yahoo/Alpha/émetteur,Trimestriel,True,ACTIVE,CONTRACT_TO_50,Final,VERIFIED_REPOSITORY_WORKBOOK_V18.2_ALL_CRITERIA,V15_C060
V15_C061,Conversion résultat en cash,Conversion résultat en cash,04 Fondamentaux Actions,MULTI,GOVERNED_RULE,0,Yahoo/Alpha/émetteur,Trimestriel,True,ACTIVE,CONTRACT_TO_50,Final,VERIFIED_REPOSITORY_WORKBOOK_V18.2_ALL_CRITERIA,V15_C061
V15_C062,Dette nette/EBITDA,Dette nette/EBITDA,04 Fondamentaux Actions,MULTI,GOVERNED_RULE,0,Yahoo/Alpha/émetteur,Trimestriel,True,ACTIVE,CONTRACT_TO_50,Final,VERIFIED_REPOSITORY_WORKBOOK_V18.2_ALL_CRITERIA,V15_C062
V15_C063,Couverture intérêts,Couverture intérêts,04 Fondamentaux Actions,MULTI,GOVERNED_RULE,0,Yahoo/Alpha/émetteur,Trimestriel,True,ACTIVE,CONTRACT_TO_50,Final,VERIFIED_REPOSITORY_WORKBOOK_V18.2_ALL_CRITERIA,V15_C063
V15_C064,Liquidité bilan,Liquidité bilan,04 Fondamentaux Actions,MULTI,GOVERNED_RULE,0,Yahoo/Alpha/émetteur,Trimestriel,True,ACTIVE,CONTRACT_TO_50,Final,VERIFIED_REPOSITORY_WORKBOOK_V18.2_ALL_CRITERIA,V15_C064
V15_C065,Capex/CA,Capex/CA,04 Fondamentaux Actions,MULTI,GOVERNED_RULE,0,Yahoo/Alpha/émetteur,Trimestriel,True,ACTIVE,CONTRACT_TO_50,Final,VERIFIED_REPOSITORY_WORKBOOK_V18.2_ALL_CRITERIA,V15_C065
V15_C066,Qualité des bénéfices,Qualité des bénéfices,04 Fondamentaux Actions,MULTI,GOVERNED_RULE,0,Yahoo/Alpha/émetteur,Trimestriel,True,ACTIVE,CONTRACT_TO_50,Final,VERIFIED_REPOSITORY_WORKBOOK_V18.2_ALL_CRITERIA,V15_C066
V15_C067,Rachats d’actions,Rachats d’actions,04 Fondamentaux Actions,MULTI,GOVERNED_RULE,0,Yahoo/Alpha/émetteur,Trimestriel,True,ACTIVE,CONTRACT_TO_50,Final,VERIFIED_REPOSITORY_WORKBOOK_V18.2_ALL_CRITERIA,V15_C067
V15_C068,Émissions d’actions,Émissions d’actions,04 Fondamentaux Actions,MULTI,GOVERNED_RULE,0,Yahoo/Alpha/émetteur,Trimestriel,True,ACTIVE,CONTRACT_TO_50,Final,VERIFIED_REPOSITORY_WORKBOOK_V18.2_ALL_CRITERIA,V15_C068
V15_C069,Avantage concurrentiel,Avantage concurrentiel,04 Fondamentaux Actions,MULTI,GOVERNED_RULE,0,Yahoo/Alpha/émetteur,Trimestriel,True,ACTIVE,CONTRACT_TO_50,Final,VERIFIED_REPOSITORY_WORKBOOK_V18.2_ALL_CRITERIA,V15_C069
V15_C070,Qualité du management,Qualité du management,04 Fondamentaux Actions,MULTI,GOVERNED_RULE,0,Yahoo/Alpha/émetteur,Trimestriel,True,ACTIVE,CONTRACT_TO_50,Final,VERIFIED_REPOSITORY_WORKBOOK_V18.2_ALL_CRITERIA,V15_C070
V15_C071,PER TTM,PER TTM,05 Valorisation,MULTI,GOVERNED_RULE,0,Yahoo/Alpha/calcul interne,Quotidien,True,ACTIVE,CONTRACT_TO_50,Final,VERIFIED_REPOSITORY_WORKBOOK_V18.2_ALL_CRITERIA,V15_C071
V15_C072,PER vs médiane secteur,PER vs médiane secteur,05 Valorisation,MULTI,GOVERNED_RULE,0,Yahoo/Alpha/calcul interne,Quotidien,True,ACTIVE,CONTRACT_TO_50,Final,VERIFIED_REPOSITORY_WORKBOOK_V18.2_ALL_CRITERIA,V15_C072
V15_C073,PER forward,PER forward,05 Valorisation,MULTI,GOVERNED_RULE,0,Yahoo/Alpha/calcul interne,Quotidien,True,ACTIVE,CONTRACT_TO_50,Final,VERIFIED_REPOSITORY_WORKBOOK_V18.2_ALL_CRITERIA,V15_C073
V15_C074,PEG,PEG,05 Valorisation,MULTI,GOVERNED_RULE,0,Yahoo/Alpha/calcul interne,Quotidien,True,ACTIVE,CONTRACT_TO_50,Final,VERIFIED_REPOSITORY_WORKBOOK_V18.2_ALL_CRITERIA,V15_C074
V15_C075,Price/Book,Price/Book,05 Valorisation,MULTI,GOVERNED_RULE,0,Yahoo/Alpha/calcul interne,Quotidien,True,ACTIVE,CONTRACT_TO_50,Final,VERIFIED_REPOSITORY_WORKBOOK_V18.2_ALL_CRITERIA,V15_C075
V15_C076,EV/EBITDA,EV/EBITDA,05 Valorisation,MULTI,GOVERNED_RULE,0,Yahoo/Alpha/calcul interne,Quotidien,True,ACTIVE,CONTRACT_TO_50,Final,VERIFIED_REPOSITORY_WORKBOOK_V18.2_ALL_CRITERIA,V15_C076
V15_C077,EV/FCF,EV/FCF,05 Valorisation,MULTI,GOVERNED_RULE,0,Yahoo/Alpha/calcul interne,Quotidien,True,ACTIVE,CONTRACT_TO_50,Final,VERIFIED_REPOSITORY_WORKBOOK_V18.2_ALL_CRITERIA,V15_C077
V15_C078,Décote vs historique,Décote vs historique,05 Valorisation,MULTI,GOVERNED_RULE,0,Yahoo/Alpha/calcul interne,Quotidien,True,ACTIVE,CONTRACT_TO_50,Final,VERIFIED_REPOSITORY_WORKBOOK_V18.2_ALL_CRITERIA,V15_C078
V15_C079,Marge de sécurité,Marge de sécurité,05 Valorisation,MULTI,GOVERNED_RULE,0.6917,Calcul interne,Hebdo,True,ACTIVE,CONTRACT_TO_50,Final,VERIFIED_REPOSITORY_WORKBOOK_V18.2_ALL_CRITERIA,V15_C079
V15_C080,Consensus niveau,Consensus niveau,06 Consensus & Brokers,MULTI,GOVERNED_RULE,0,Finnhub/Yahoo,Hebdo,True,ACTIVE,CONTRACT_TO_50,Final,VERIFIED_REPOSITORY_WORKBOOK_V18.2_ALL_CRITERIA,V15_C080
V15_C081,Nombre d’analystes,Nombre d’analystes,06 Consensus & Brokers,MULTI,GOVERNED_RULE,0,Finnhub/Yahoo,Hebdo,True,ACTIVE,CONTRACT_TO_50,Final,VERIFIED_REPOSITORY_WORKBOOK_V18.2_ALL_CRITERIA,V15_C081
V15_C082,Objectif moyen,Objectif moyen,06 Consensus & Brokers,MULTI,GOVERNED_RULE,0,Finnhub/Yahoo,Hebdo,True,ACTIVE,CONTRACT_TO_50,Final,VERIFIED_REPOSITORY_WORKBOOK_V18.2_ALL_CRITERIA,V15_C082
V15_C083,Upside vers objectif,Upside vers objectif,06 Consensus & Brokers,MULTI,GOVERNED_RULE,0,Finnhub/Yahoo,Hebdo,True,ACTIVE,CONTRACT_TO_50,Final,VERIFIED_REPOSITORY_WORKBOOK_V18.2_ALL_CRITERIA,V15_C083
V15_C084,Consensus delta 4 semaines,Consensus delta 4 semaines,06 Consensus & Brokers,MULTI,GOVERNED_RULE,0,Finnhub/Yahoo,Hebdo,True,ACTIVE,CONTRACT_TO_50,Final,VERIFIED_REPOSITORY_WORKBOOK_V18.2_ALL_CRITERIA,V15_C084
V15_C085,Révisions objectifs,Révisions objectifs,06 Consensus & Brokers,MULTI,GOVERNED_RULE,0,Finnhub/Yahoo,Hebdo,True,ACTIVE,CONTRACT_TO_50,Final,VERIFIED_REPOSITORY_WORKBOOK_V18.2_ALL_CRITERIA,V15_C085
V15_C086,Révisions EPS,Révisions EPS,06 Consensus & Brokers,MULTI,GOVERNED_RULE,0,Finnhub/Yahoo,Hebdo,True,ACTIVE,CONTRACT_TO_50,Final,VERIFIED_REPOSITORY_WORKBOOK_V18.2_ALL_CRITERIA,V15_C086
V15_C087,Dispersion consensus,Dispersion consensus,06 Consensus & Brokers,MULTI,GOVERNED_RULE,0,Finnhub/Yahoo,Hebdo,True,ACTIVE,CONTRACT_TO_50,Final,VERIFIED_REPOSITORY_WORKBOOK_V18.2_ALL_CRITERIA,V15_C087
V15_C088,Surprise résultats,Surprise résultats,06 Consensus & Brokers,MULTI,GOVERNED_RULE,0,Finnhub/Yahoo,Hebdo,True,ACTIVE,CONTRACT_TO_50,Final,VERIFIED_REPOSITORY_WORKBOOK_V18.2_ALL_CRITERIA,V15_C088
V15_C089,Consensus composants,Consensus composants,06 Consensus & Brokers,MULTI,GOVERNED_RULE,0.7905,Calcul composants,Hebdo,True,ACTIVE,CONTRACT_TO_50,Final,VERIFIED_REPOSITORY_WORKBOOK_V18.2_ALL_CRITERIA,V15_C089
V15_C090,Étoiles Morningstar,Étoiles Morningstar,07 Morningstar,MULTI,GOVERNED_RULE,0.6917,Morningstar/Boursorama,Mensuel,True,ACTIVE,CONTRACT_TO_50,Final,VERIFIED_REPOSITORY_WORKBOOK_V18.2_ALL_CRITERIA,V15_C090
V15_C091,Risque Morningstar 1-7,Risque Morningstar 1-7,07 Morningstar,MULTI,GOVERNED_RULE,0.6917,Morningstar/Boursorama,Mensuel,True,ACTIVE,CONTRACT_TO_50,Final,VERIFIED_REPOSITORY_WORKBOOK_V18.2_ALL_CRITERIA,V15_C091
V15_C092,Évolution étoiles,Évolution étoiles,07 Morningstar,MULTI,GOVERNED_RULE,0.6917,Morningstar/Boursorama,Mensuel,True,ACTIVE,CONTRACT_TO_50,Final,VERIFIED_REPOSITORY_WORKBOOK_V18.2_ALL_CRITERIA,V15_C092
V15_C093,Classement catégorie 1 an,Classement catégorie 1 an,07 Morningstar,MULTI,GOVERNED_RULE,0.6917,Morningstar/Boursorama,Mensuel,True,ACTIVE,CONTRACT_TO_50,Final,VERIFIED_REPOSITORY_WORKBOOK_V18.2_ALL_CRITERIA,V15_C093
V15_C094,Classement catégorie 3 ans,Classement catégorie 3 ans,07 Morningstar,MULTI,GOVERNED_RULE,0.6917,Morningstar/Boursorama,Mensuel,True,ACTIVE,CONTRACT_TO_50,Final,VERIFIED_REPOSITORY_WORKBOOK_V18.2_ALL_CRITERIA,V15_C094
V15_C095,Classement catégorie 5 ans,Classement catégorie 5 ans,07 Morningstar,MULTI,GOVERNED_RULE,0.6917,Morningstar/Boursorama,Mensuel,True,ACTIVE,CONTRACT_TO_50,Final,VERIFIED_REPOSITORY_WORKBOOK_V18.2_ALL_CRITERIA,V15_C095
V15_C096,MM20,MM20,08 Technique,MULTI,GOVERNED_RULE,0.6423,OHLCV/calcul interne,Quotidien,True,ACTIVE,CONTRACT_TO_50,Final,VERIFIED_REPOSITORY_WORKBOOK_V18.2_ALL_CRITERIA,V15_C096
V15_C097,MM50,MM50,08 Technique,MULTI,GOVERNED_RULE,0.6423,OHLCV/calcul interne,Quotidien,True,ACTIVE,CONTRACT_TO_50,Final,VERIFIED_REPOSITORY_WORKBOOK_V18.2_ALL_CRITERIA,V15_C097
V15_C098,MM100,MM100,08 Technique,MULTI,GOVERNED_RULE,0.6423,OHLCV/calcul interne,Quotidien,True,ACTIVE,CONTRACT_TO_50,Final,VERIFIED_REPOSITORY_WORKBOOK_V18.2_ALL_CRITERIA,V15_C098
V15_C099,MM200,MM200,08 Technique,MULTI,GOVERNED_RULE,0.6423,OHLCV/calcul interne,Quotidien,True,ACTIVE,CONTRACT_TO_50,Final,VERIFIED_REPOSITORY_WORKBOOK_V18.2_ALL_CRITERIA,V15_C099
V15_C100,Pente MM20,Pente MM20,08 Technique,MULTI,GOVERNED_RULE,0.6423,OHLCV/calcul interne,Quotidien,True,ACTIVE,CONTRACT_TO_50,Final,VERIFIED_REPOSITORY_WORKBOOK_V18.2_ALL_CRITERIA,V15_C100
V15_C101,Pente MM50,Pente MM50,08 Technique,MULTI,GOVERNED_RULE,0.6423,OHLCV/calcul interne,Quotidien,True,ACTIVE,CONTRACT_TO_50,Final,VERIFIED_REPOSITORY_WORKBOOK_V18.2_ALL_CRITERIA,V15_C101
V15_C102,RSI14,RSI14,08 Technique,MULTI,GOVERNED_RULE,0.6423,OHLCV/calcul interne,Quotidien,True,ACTIVE,CONTRACT_TO_50,Final,VERIFIED_REPOSITORY_WORKBOOK_V18.2_ALL_CRITERIA,V15_C102
V15_C103,MACD,MACD,08 Technique,MULTI,GOVERNED_RULE,0.6423,OHLCV/calcul interne,Quotidien,True,ACTIVE,CONTRACT_TO_50,Final,VERIFIED_REPOSITORY_WORKBOOK_V18.2_ALL_CRITERIA,V15_C103
V15_C104,Retournement positif,Retournement positif,08 Technique,MULTI,GOVERNED_RULE,0.6423,OHLCV/calcul interne,Quotidien,True,ACTIVE,CONTRACT_TO_50,Final,VERIFIED_REPOSITORY_WORKBOOK_V18.2_ALL_CRITERIA,V15_C104
V15_C105,ATR %,ATR %,08 Technique,MULTI,GOVERNED_RULE,0.6423,OHLCV/calcul interne,Quotidien,True,ACTIVE,CONTRACT_TO_50,Final,VERIFIED_REPOSITORY_WORKBOOK_V18.2_ALL_CRITERIA,V15_C105
V15_C106,Volatilité 20 jours,Volatilité 20 jours,08 Technique,MULTI,GOVERNED_RULE,0.6423,OHLCV/calcul interne,Quotidien,True,ACTIVE,CONTRACT_TO_50,Final,VERIFIED_REPOSITORY_WORKBOOK_V18.2_ALL_CRITERIA,V15_C106
V15_C107,Volatilité 60 jours,Volatilité 60 jours,08 Technique,MULTI,GOVERNED_RULE,0.6423,OHLCV/calcul interne,Quotidien,True,ACTIVE,CONTRACT_TO_50,Final,VERIFIED_REPOSITORY_WORKBOOK_V18.2_ALL_CRITERIA,V15_C107
V15_C108,Distance plus haut 52 semaines,Distance plus haut 52 semaines,08 Technique,MULTI,GOVERNED_RULE,0.6423,OHLCV/calcul interne,Quotidien,True,ACTIVE,CONTRACT_TO_50,Final,VERIFIED_REPOSITORY_WORKBOOK_V18.2_ALL_CRITERIA,V15_C108
V15_C109,Force relative vs benchmark,Force relative vs benchmark,08 Technique,MULTI,GOVERNED_RULE,0.6423,OHLCV/calcul interne,Quotidien,True,ACTIVE,CONTRACT_TO_50,Final,VERIFIED_REPOSITORY_WORKBOOK_V18.2_ALL_CRITERIA,V15_C109
V15_C110,Support principal,Support principal,08 Technique,MULTI,GOVERNED_RULE,0.6423,OHLCV/calcul interne,Quotidien,True,ACTIVE,CONTRACT_TO_50,Final,VERIFIED_REPOSITORY_WORKBOOK_V18.2_ALL_CRITERIA,V15_C110
V15_C111,Résistance principale,Résistance principale,08 Technique,MULTI,GOVERNED_RULE,0.6423,OHLCV/calcul interne,Quotidien,True,ACTIVE,CONTRACT_TO_50,Final,VERIFIED_REPOSITORY_WORKBOOK_V18.2_ALL_CRITERIA,V15_C111
V15_C112,Breakout,Breakout,08 Technique,MULTI,GOVERNED_RULE,0.6423,OHLCV/calcul interne,Quotidien,True,ACTIVE,CONTRACT_TO_50,Final,VERIFIED_REPOSITORY_WORKBOOK_V18.2_ALL_CRITERIA,V15_C112
V15_C113,Retest réussi,Retest réussi,08 Technique,MULTI,GOVERNED_RULE,0.6423,OHLCV/calcul interne,Quotidien,True,ACTIVE,CONTRACT_TO_50,Final,VERIFIED_REPOSITORY_WORKBOOK_V18.2_ALL_CRITERIA,V15_C113
V15_C114,Gap,Gap,08 Technique,MULTI,GOVERNED_RULE,0.6423,OHLCV/calcul interne,Quotidien,True,ACTIVE,CONTRACT_TO_50,Final,VERIFIED_REPOSITORY_WORKBOOK_V18.2_ALL_CRITERIA,V15_C114
V15_C115,Divergence RSI/MACD,Divergence RSI/MACD,08 Technique,MULTI,GOVERNED_RULE,0.6423,OHLCV/calcul interne,Quotidien,True,ACTIVE,CONTRACT_TO_50,Final,VERIFIED_REPOSITORY_WORKBOOK_V18.2_ALL_CRITERIA,V15_C115
V15_C116,Proxy performances 1/3/5 ans,Proxy performances 1/3/5 ans,08 Technique,MULTI,GOVERNED_RULE,0.6423,OHLCV/calcul interne,Quotidien,True,ACTIVE,CONTRACT_TO_50,Final,VERIFIED_REPOSITORY_WORKBOOK_V18.2_ALL_CRITERIA,V15_C116
V15_C117,Polarité news,Polarité news,09 News & Événements,MULTI,GOVERNED_RULE,0.4447,Finnhub/GDELT/AMF,Quotidien,True,ACTIVE,CONTRACT_TO_50,Final,VERIFIED_REPOSITORY_WORKBOOK_V18.2_ALL_CRITERIA,V15_C117
V15_C118,Matérialité news,Matérialité news,09 News & Événements,MULTI,GOVERNED_RULE,0.4447,Finnhub/GDELT/AMF,Quotidien,True,ACTIVE,CONTRACT_TO_50,Final,VERIFIED_REPOSITORY_WORKBOOK_V18.2_ALL_CRITERIA,V15_C118
V15_C119,Nouveauté,Nouveauté,09 News & Événements,MULTI,GOVERNED_RULE,0.4447,Finnhub/GDELT/AMF,Quotidien,True,ACTIVE,CONTRACT_TO_50,Final,VERIFIED_REPOSITORY_WORKBOOK_V18.2_ALL_CRITERIA,V15_C119
V15_C120,Accélération newsflow,Accélération newsflow,09 News & Événements,MULTI,GOVERNED_RULE,0.4447,Finnhub/GDELT/AMF,Quotidien,True,ACTIVE,CONTRACT_TO_50,Final,VERIFIED_REPOSITORY_WORKBOOK_V18.2_ALL_CRITERIA,V15_C120
V15_C121,Fiabilité source,Fiabilité source,09 News & Événements,MULTI,GOVERNED_RULE,0.4447,Finnhub/GDELT/AMF,Quotidien,True,ACTIVE,CONTRACT_TO_50,Final,VERIFIED_REPOSITORY_WORKBOOK_V18.2_ALL_CRITERIA,V15_C121
V15_C122,BNIS,BNIS,09 News & Événements,MULTI,GOVERNED_RULE,0.4447,Finnhub/GDELT/AMF,Quotidien,True,ACTIVE,CONTRACT_TO_50,Final,VERIFIED_REPOSITORY_WORKBOOK_V18.2_ALL_CRITERIA,V15_C122
V15_C123,SIC,SIC,09 News & Événements,MULTI,GOVERNED_RULE,0.4447,Finnhub/GDELT/AMF,Quotidien,True,ACTIVE,CONTRACT_TO_50,Final,VERIFIED_REPOSITORY_WORKBOOK_V18.2_ALL_CRITERIA,V15_C123
V15_C124,NFA,NFA,09 News & Événements,MULTI,GOVERNED_RULE,0.4447,Finnhub/GDELT/AMF,Quotidien,True,ACTIVE,CONTRACT_TO_50,Final,VERIFIED_REPOSITORY_WORKBOOK_V18.2_ALL_CRITERIA,V15_C124
V15_C125,RTEWS,RTEWS,09 News & Événements,MULTI,GOVERNED_RULE,0.4447,Finnhub/GDELT/AMF,Quotidien,True,ACTIVE,CONTRACT_TO_50,Final,VERIFIED_REPOSITORY_WORKBOOK_V18.2_ALL_CRITERIA,V15_C125
V15_C126,Résultats,Résultats,09 News & Événements,MULTI,GOVERNED_RULE,0,AMF/émetteur/Reuters,Événementiel,True,ACTIVE,CONTRACT_TO_50,Final,VERIFIED_REPOSITORY_WORKBOOK_V18.2_ALL_CRITERIA,V15_C126
V15_C127,Guidance,Guidance,09 News & Événements,MULTI,GOVERNED_RULE,0,AMF/émetteur/Reuters,Événementiel,True,ACTIVE,CONTRACT_TO_50,Final,VERIFIED_REPOSITORY_WORKBOOK_V18.2_ALL_CRITERIA,V15_C127
V15_C128,Profit warning,Profit warning,09 News & Événements,MULTI,GOVERNED_RULE,0,AMF/émetteur/Reuters,Événementiel,True,ACTIVE,CONTRACT_TO_50,Final,VERIFIED_REPOSITORY_WORKBOOK_V18.2_ALL_CRITERIA,V15_C128
V15_C129,OPA/M&A,OPA/M&A,09 News & Événements,MULTI,GOVERNED_RULE,0,AMF/émetteur/Reuters,Événementiel,True,ACTIVE,CONTRACT_TO_50,Final,VERIFIED_REPOSITORY_WORKBOOK_V18.2_ALL_CRITERIA,V15_C129
V15_C130,Rachats annoncés,Rachats annoncés,09 News & Événements,MULTI,GOVERNED_RULE,0,AMF/émetteur/Reuters,Événementiel,True,ACTIVE,CONTRACT_TO_50,Final,VERIFIED_REPOSITORY_WORKBOOK_V18.2_ALL_CRITERIA,V15_C130
V15_C131,Transactions initiés,Transactions initiés,09 News & Événements,MULTI,GOVERNED_RULE,0,AMF/émetteur/Reuters,Événementiel,True,ACTIVE,CONTRACT_TO_50,Final,VERIFIED_REPOSITORY_WORKBOOK_V18.2_ALL_CRITERIA,V15_C131
V15_C132,Dividende exceptionnel,Dividende exceptionnel,09 News & Événements,MULTI,GOVERNED_RULE,0,AMF/émetteur/Reuters,Événementiel,True,ACTIVE,CONTRACT_TO_50,Final,VERIFIED_REPOSITORY_WORKBOOK_V18.2_ALL_CRITERIA,V15_C132
V15_C133,Litiges/réglementaire,Litiges/réglementaire,09 News & Événements,MULTI,GOVERNED_RULE,0,AMF/émetteur/Reuters,Événementiel,True,ACTIVE,CONTRACT_TO_50,Final,VERIFIED_REPOSITORY_WORKBOOK_V18.2_ALL_CRITERIA,V15_C133
V15_C134,Taux directeur BCE,Taux directeur BCE,10 Macro & Intermarchés,MULTI,GOVERNED_RULE,0.3953,FRED/EIA/Finnhub/BCE/Reuters,Quotidien,True,ACTIVE,CONTRACT_TO_50,Final,VERIFIED_REPOSITORY_WORKBOOK_V18.2_ALL_CRITERIA,V15_C134
V15_C135,Taux Fed,Taux Fed,10 Macro & Intermarchés,MULTI,GOVERNED_RULE,0.3953,FRED/EIA/Finnhub/BCE/Reuters,Quotidien,True,ACTIVE,CONTRACT_TO_50,Final,VERIFIED_REPOSITORY_WORKBOOK_V18.2_ALL_CRITERIA,V15_C135
V15_C136,Taux 10 ans US,Taux 10 ans US,10 Macro & Intermarchés,MULTI,GOVERNED_RULE,0.3953,FRED/EIA/Finnhub/BCE/Reuters,Quotidien,True,ACTIVE,CONTRACT_TO_50,Final,VERIFIED_REPOSITORY_WORKBOOK_V18.2_ALL_CRITERIA,V15_C136
V15_C137,Taux réel US,Taux réel US,10 Macro & Intermarchés,MULTI,GOVERNED_RULE,0.3953,FRED/EIA/Finnhub/BCE/Reuters,Quotidien,True,ACTIVE,CONTRACT_TO_50,Final,VERIFIED_REPOSITORY_WORKBOOK_V18.2_ALL_CRITERIA,V15_C137
V15_C138,Pente 10-2 ans,Pente 10-2 ans,10 Macro & Intermarchés,MULTI,GOVERNED_RULE,0.3953,FRED/EIA/Finnhub/BCE/Reuters,Quotidien,True,ACTIVE,CONTRACT_TO_50,Final,VERIFIED_REPOSITORY_WORKBOOK_V18.2_ALL_CRITERIA,V15_C138
V15_C139,Inflation zone euro,Inflation zone euro,10 Macro & Intermarchés,MULTI,GOVERNED_RULE,0.3953,FRED/EIA/Finnhub/BCE/Reuters,Quotidien,True,ACTIVE,CONTRACT_TO_50,Final,VERIFIED_REPOSITORY_WORKBOOK_V18.2_ALL_CRITERIA,V15_C139
V15_C140,Inflation US,Inflation US,10 Macro & Intermarchés,MULTI,GOVERNED_RULE,0.3953,FRED/EIA/Finnhub/BCE/Reuters,Quotidien,True,ACTIVE,CONTRACT_TO_50,Final,VERIFIED_REPOSITORY_WORKBOOK_V18.2_ALL_CRITERIA,V15_C140
V15_C141,Anticipations inflation,Anticipations inflation,10 Macro & Intermarchés,MULTI,GOVERNED_RULE,0.3953,FRED/EIA/Finnhub/BCE/Reuters,Quotidien,True,ACTIVE,CONTRACT_TO_50,Final,VERIFIED_REPOSITORY_WORKBOOK_V18.2_ALL_CRITERIA,V15_C141
V15_C142,Spread high yield,Spread high yield,10 Macro & Intermarchés,MULTI,GOVERNED_RULE,0.3953,FRED/EIA/Finnhub/BCE/Reuters,Quotidien,True,ACTIVE,CONTRACT_TO_50,Final,VERIFIED_REPOSITORY_WORKBOOK_V18.2_ALL_CRITERIA,V15_C142
V15_C143,Conditions financières,Conditions financières,10 Macro & Intermarchés,MULTI,GOVERNED_RULE,0.3953,FRED/EIA/Finnhub/BCE/Reuters,Quotidien,True,ACTIVE,CONTRACT_TO_50,Final,VERIFIED_REPOSITORY_WORKBOOK_V18.2_ALL_CRITERIA,V15_C143
V15_C144,Stress financier,Stress financier,10 Macro & Intermarchés,MULTI,GOVERNED_RULE,0.3953,FRED/EIA/Finnhub/BCE/Reuters,Quotidien,True,ACTIVE,CONTRACT_TO_50,Final,VERIFIED_REPOSITORY_WORKBOOK_V18.2_ALL_CRITERIA,V15_C144
V15_C145,VIX,VIX,10 Macro & Intermarchés,MULTI,GOVERNED_RULE,0.3953,FRED/EIA/Finnhub/BCE/Reuters,Quotidien,True,ACTIVE,CONTRACT_TO_50,Final,VERIFIED_REPOSITORY_WORKBOOK_V18.2_ALL_CRITERIA,V15_C145
V15_C146,Dollar DXY,Dollar DXY,10 Macro & Intermarchés,MULTI,GOVERNED_RULE,0.3953,FRED/EIA/Finnhub/BCE/Reuters,Quotidien,True,ACTIVE,CONTRACT_TO_50,Final,VERIFIED_REPOSITORY_WORKBOOK_V18.2_ALL_CRITERIA,V15_C146
V15_C147,Liquidité Fed,Liquidité Fed,10 Macro & Intermarchés,MULTI,GOVERNED_RULE,0.3953,FRED/EIA/Finnhub/BCE/Reuters,Quotidien,True,ACTIVE,CONTRACT_TO_50,Final,VERIFIED_REPOSITORY_WORKBOOK_V18.2_ALL_CRITERIA,V15_C147
V15_C148,Chômage/emploi US,Chômage/emploi US,10 Macro & Intermarchés,MULTI,GOVERNED_RULE,0.3953,FRED/EIA/Finnhub/BCE/Reuters,Quotidien,True,ACTIVE,CONTRACT_TO_50,Final,VERIFIED_REPOSITORY_WORKBOOK_V18.2_ALL_CRITERIA,V15_C148
V15_C149,Brent,Brent,10 Macro & Intermarchés,MULTI,GOVERNED_RULE,0.3953,FRED/EIA/Finnhub/BCE/Reuters,Quotidien,True,ACTIVE,CONTRACT_TO_50,Final,VERIFIED_REPOSITORY_WORKBOOK_V18.2_ALL_CRITERIA,V15_C149
V15_C150,WTI,WTI,10 Macro & Intermarchés,MULTI,GOVERNED_RULE,0.3953,FRED/EIA/Finnhub/BCE/Reuters,Quotidien,True,ACTIVE,CONTRACT_TO_50,Final,VERIFIED_REPOSITORY_WORKBOOK_V18.2_ALL_CRITERIA,V15_C150
V15_C151,Stocks brut US,Stocks brut US,10 Macro & Intermarchés,MULTI,GOVERNED_RULE,0.3953,FRED/EIA/Finnhub/BCE/Reuters,Quotidien,True,ACTIVE,CONTRACT_TO_50,Final,VERIFIED_REPOSITORY_WORKBOOK_V18.2_ALL_CRITERIA,V15_C151
V15_C152,Stocks essence US,Stocks essence US,10 Macro & Intermarchés,MULTI,GOVERNED_RULE,0.3953,FRED/EIA/Finnhub/BCE/Reuters,Quotidien,True,ACTIVE,CONTRACT_TO_50,Final,VERIFIED_REPOSITORY_WORKBOOK_V18.2_ALL_CRITERIA,V15_C152
V15_C153,Or,Or,10 Macro & Intermarchés,MULTI,GOVERNED_RULE,0.3953,FRED/EIA/Finnhub/BCE/Reuters,Quotidien,True,ACTIVE,CONTRACT_TO_50,Final,VERIFIED_REPOSITORY_WORKBOOK_V18.2_ALL_CRITERIA,V15_C153
V15_C154,SPY,SPY,10 Macro & Intermarchés,MULTI,GOVERNED_RULE,0.3953,FRED/EIA/Finnhub/BCE/Reuters,Quotidien,True,ACTIVE,CONTRACT_TO_50,Final,VERIFIED_REPOSITORY_WORKBOOK_V18.2_ALL_CRITERIA,V15_C154
V15_C155,QQQ,QQQ,10 Macro & Intermarchés,MULTI,GOVERNED_RULE,0.3953,FRED/EIA/Finnhub/BCE/Reuters,Quotidien,True,ACTIVE,CONTRACT_TO_50,Final,VERIFIED_REPOSITORY_WORKBOOK_V18.2_ALL_CRITERIA,V15_C155
V15_C156,FEZ,FEZ,10 Macro & Intermarchés,MULTI,GOVERNED_RULE,0.3953,FRED/EIA/Finnhub/BCE/Reuters,Quotidien,True,ACTIVE,CONTRACT_TO_50,Final,VERIFIED_REPOSITORY_WORKBOOK_V18.2_ALL_CRITERIA,V15_C156
V15_C157,HYG,HYG,10 Macro & Intermarchés,MULTI,GOVERNED_RULE,0.3953,FRED/EIA/Finnhub/BCE/Reuters,Quotidien,True,ACTIVE,CONTRACT_TO_50,Final,VERIFIED_REPOSITORY_WORKBOOK_V18.2_ALL_CRITERIA,V15_C157
V15_C158,USO/XLE,USO/XLE,10 Macro & Intermarchés,MULTI,GOVERNED_RULE,0.3953,FRED/EIA/Finnhub/BCE/Reuters,Quotidien,True,ACTIVE,CONTRACT_TO_50,Final,VERIFIED_REPOSITORY_WORKBOOK_V18.2_ALL_CRITERIA,V15_C158
V15_C159,SMH,SMH,10 Macro & Intermarchés,MULTI,GOVERNED_RULE,0.3953,FRED/EIA/Finnhub/BCE/Reuters,Quotidien,True,ACTIVE,CONTRACT_TO_50,Final,VERIFIED_REPOSITORY_WORKBOOK_V18.2_ALL_CRITERIA,V15_C159
V15_C160,ITA,ITA,10 Macro & Intermarchés,MULTI,GOVERNED_RULE,0.3953,FRED/EIA/Finnhub/BCE/Reuters,Quotidien,True,ACTIVE,CONTRACT_TO_50,Final,VERIFIED_REPOSITORY_WORKBOOK_V18.2_ALL_CRITERIA,V15_C160
V15_C161,Régime géopolitique,Régime géopolitique,10 Macro & Intermarchés,MULTI,GOVERNED_RULE,0.3953,FRED/EIA/Finnhub/BCE/Reuters,Quotidien,True,ACTIVE,CONTRACT_TO_50,Final,VERIFIED_REPOSITORY_WORKBOOK_V18.2_ALL_CRITERIA,V15_C161
V15_C162,Macro Regime Score,Macro Regime Score,10 Macro & Intermarchés,MULTI,GOVERNED_RULE,0.3953,FRED/EIA/Finnhub/BCE/Reuters,Quotidien,True,ACTIVE,CONTRACT_TO_50,Final,VERIFIED_REPOSITORY_WORKBOOK_V18.2_ALL_CRITERIA,V15_C162
V15_C163,Energy Transmission Score,Energy Transmission Score,10 Macro & Intermarchés,MULTI,GOVERNED_RULE,0.3953,FRED/EIA/Finnhub/BCE/Reuters,Quotidien,True,ACTIVE,CONTRACT_TO_50,Final,VERIFIED_REPOSITORY_WORKBOOK_V18.2_ALL_CRITERIA,V15_C163
V15_C164,Cross-Market Lead/Lag,Cross-Market Lead/Lag,10 Macro & Intermarchés,MULTI,GOVERNED_RULE,0.3953,FRED/EIA/Finnhub/BCE/Reuters,Quotidien,True,ACTIVE,CONTRACT_TO_50,Final,VERIFIED_REPOSITORY_WORKBOOK_V18.2_ALL_CRITERIA,V15_C164
V15_C165,Bêta,Bêta,11 Risque & Opportunité,MULTI,GOVERNED_RULE,0.6917,Calcul interne/Comité,Hebdo,True,ACTIVE,CONTRACT_TO_50,Final,VERIFIED_REPOSITORY_WORKBOOK_V18.2_ALL_CRITERIA,V15_C165
V15_C166,Drawdown max 1 an,Drawdown max 1 an,11 Risque & Opportunité,MULTI,GOVERNED_RULE,0.6917,Calcul interne/Comité,Hebdo,True,ACTIVE,CONTRACT_TO_50,Final,VERIFIED_REPOSITORY_WORKBOOK_V18.2_ALL_CRITERIA,V15_C166
V15_C167,Drawdown max 3 ans,Drawdown max 3 ans,11 Risque & Opportunité,MULTI,GOVERNED_RULE,0.6917,Calcul interne/Comité,Hebdo,True,ACTIVE,CONTRACT_TO_50,Final,VERIFIED_REPOSITORY_WORKBOOK_V18.2_ALL_CRITERIA,V15_C167
V15_C168,VaR indicative,VaR indicative,11 Risque & Opportunité,MULTI,GOVERNED_RULE,0.6917,Calcul interne/Comité,Hebdo,True,ACTIVE,CONTRACT_TO_50,Final,VERIFIED_REPOSITORY_WORKBOOK_V18.2_ALL_CRITERIA,V15_C168
V15_C169,Expected shortfall,Expected shortfall,11 Risque & Opportunité,MULTI,GOVERNED_RULE,0.6917,Calcul interne/Comité,Hebdo,True,ACTIVE,CONTRACT_TO_50,Final,VERIFIED_REPOSITORY_WORKBOOK_V18.2_ALL_CRITERIA,V15_C169
V15_C170,Scénario baissier B,Scénario baissier B,11 Risque & Opportunité,MULTI,GOVERNED_RULE,0.6917,Calcul interne/Comité,Hebdo,True,ACTIVE,CONTRACT_TO_50,Final,VERIFIED_REPOSITORY_WORKBOOK_V18.2_ALL_CRITERIA,V15_C170
V15_C171,Scénario central C,Scénario central C,11 Risque & Opportunité,MULTI,GOVERNED_RULE,0.6917,Calcul interne/Comité,Hebdo,True,ACTIVE,CONTRACT_TO_50,Final,VERIFIED_REPOSITORY_WORKBOOK_V18.2_ALL_CRITERIA,V15_C171
V15_C172,Scénario haussier H,Scénario haussier H,11 Risque & Opportunité,MULTI,GOVERNED_RULE,0.6917,Calcul interne/Comité,Hebdo,True,ACTIVE,CONTRACT_TO_50,Final,VERIFIED_REPOSITORY_WORKBOOK_V18.2_ALL_CRITERIA,V15_C172
V15_C173,Probabilités B/C/H,Probabilités B/C/H,11 Risque & Opportunité,MULTI,GOVERNED_RULE,0.6917,Calcul interne/Comité,Hebdo,True,ACTIVE,BLOCK_COMMITTEE,Final,VERIFIED_REPOSITORY_WORKBOOK_V18.2_ALL_CRITERIA,V15_C173
V15_C174,Ratio asymétrie,Ratio asymétrie,11 Risque & Opportunité,MULTI,GOVERNED_RULE,0.6917,Calcul interne/Comité,Hebdo,True,ACTIVE,CONTRACT_TO_50,Final,VERIFIED_REPOSITORY_WORKBOOK_V18.2_ALL_CRITERIA,V15_C174
V15_C175,Expected value,Expected value,11 Risque & Opportunité,MULTI,GOVERNED_RULE,0.6917,Calcul interne/Comité,Hebdo,True,ACTIVE,CONTRACT_TO_50,Final,VERIFIED_REPOSITORY_WORKBOOK_V18.2_ALL_CRITERIA,V15_C175
V15_C176,Opportunité nette,Opportunité nette,11 Risque & Opportunité,MULTI,GOVERNED_RULE,0.6917,Calcul interne/Comité,Hebdo,True,ACTIVE,CONTRACT_TO_50,Final,VERIFIED_REPOSITORY_WORKBOOK_V18.2_ALL_CRITERIA,V15_C176
V15_C177,Invalidation prix,Invalidation prix,11 Risque & Opportunité,MULTI,GOVERNED_RULE,0.6917,Calcul interne/Comité,Hebdo,True,ACTIVE,CONTRACT_TO_50,Final,VERIFIED_REPOSITORY_WORKBOOK_V18.2_ALL_CRITERIA,V15_C177
V15_C178,Invalidation événement,Invalidation événement,11 Risque & Opportunité,MULTI,GOVERNED_RULE,0.6917,Calcul interne/Comité,Hebdo,True,ACTIVE,CONTRACT_TO_50,Final,VERIFIED_REPOSITORY_WORKBOOK_V18.2_ALL_CRITERIA,V15_C178
V15_C179,Horizon invalidation,Horizon invalidation,11 Risque & Opportunité,MULTI,GOVERNED_RULE,0.6917,Calcul interne/Comité,Hebdo,True,ACTIVE,CONTRACT_TO_50,Final,VERIFIED_REPOSITORY_WORKBOOK_V18.2_ALL_CRITERIA,V15_C179
V15_C180,Risque de retournement,Risque de retournement,11 Risque & Opportunité,MULTI,GOVERNED_RULE,0.6917,Calcul interne/Comité,Hebdo,True,ACTIVE,CONTRACT_TO_50,Final,VERIFIED_REPOSITORY_WORKBOOK_V18.2_ALL_CRITERIA,V15_C180
V15_C181,ROS,ROS,11 Risque & Opportunité,MULTI,GOVERNED_RULE,0.6917,Calcul interne/Comité,Hebdo,True,ACTIVE,CONTRACT_TO_50,Final,VERIFIED_REPOSITORY_WORKBOOK_V18.2_ALL_CRITERIA,V15_C181
V15_C182,EOS,EOS,11 Risque & Opportunité,MULTI,GOVERNED_RULE,0.6917,Calcul interne/Comité,Hebdo,True,ACTIVE,CONTRACT_TO_50,Final,VERIFIED_REPOSITORY_WORKBOOK_V18.2_ALL_CRITERIA,V15_C182
V15_C183,GPS,GPS,11 Risque & Opportunité,MULTI,GOVERNED_RULE,0.6917,Calcul interne/Comité,Hebdo,True,ACTIVE,CONTRACT_TO_50,Final,VERIFIED_REPOSITORY_WORKBOOK_V18.2_ALL_CRITERIA,V15_C183
V15_C184,Actionability Score,Actionability Score,11 Risque & Opportunité,MULTI,GOVERNED_RULE,0.6917,Calcul interne/Comité,Hebdo,True,ACTIVE,CONTRACT_TO_50,Final,VERIFIED_REPOSITORY_WORKBOOK_V18.2_ALL_CRITERIA,V15_C184
V15_C185,Corrélation portefeuille,Corrélation portefeuille,12 Portefeuille,MULTI,GOVERNED_RULE,0.4447,Calcul portefeuille,Quotidien,True,ACTIVE,CONTRACT_TO_50,Final,VERIFIED_REPOSITORY_WORKBOOK_V18.2_ALL_CRITERIA,V15_C185
V15_C186,Concentration géographique,Concentration géographique,12 Portefeuille,MULTI,GOVERNED_RULE,0.4447,Calcul portefeuille,Quotidien,True,ACTIVE,CONTRACT_TO_50,Final,VERIFIED_REPOSITORY_WORKBOOK_V18.2_ALL_CRITERIA,V15_C186
V15_C187,Concentration sectorielle,Concentration sectorielle,12 Portefeuille,MULTI,GOVERNED_RULE,0.4447,Calcul portefeuille,Quotidien,True,ACTIVE,CONTRACT_TO_50,Final,VERIFIED_REPOSITORY_WORKBOOK_V18.2_ALL_CRITERIA,V15_C187
V15_C188,Concentration devise,Concentration devise,12 Portefeuille,MULTI,GOVERNED_RULE,0.4447,Calcul portefeuille,Quotidien,True,ACTIVE,CONTRACT_TO_50,Final,VERIFIED_REPOSITORY_WORKBOOK_V18.2_ALL_CRITERIA,V15_C188
V15_C189,Contribution au risque,Contribution au risque,12 Portefeuille,MULTI,GOVERNED_RULE,0.4447,Calcul portefeuille,Quotidien,True,ACTIVE,CONTRACT_TO_50,Final,VERIFIED_REPOSITORY_WORKBOOK_V18.2_ALL_CRITERIA,V15_C189
V15_C190,Taille position suggérée,Taille position suggérée,12 Portefeuille,MULTI,GOVERNED_RULE,0.4447,Calcul portefeuille,Quotidien,True,ACTIVE,CONTRACT_TO_50,Final,VERIFIED_REPOSITORY_WORKBOOK_V18.2_ALL_CRITERIA,V15_C190
V15_C191,Poids maximum,Poids maximum,12 Portefeuille,MULTI,GOVERNED_RULE,0.4447,Calcul portefeuille,Quotidien,True,ACTIVE,CONTRACT_TO_50,Final,VERIFIED_REPOSITORY_WORKBOOK_V18.2_ALL_CRITERIA,V15_C191
V15_C192,Budget de risque,Budget de risque,12 Portefeuille,MULTI,GOVERNED_RULE,0.4447,Calcul portefeuille,Quotidien,True,ACTIVE,CONTRACT_TO_50,Final,VERIFIED_REPOSITORY_WORKBOOK_V18.2_ALL_CRITERIA,V15_C192
V15_C193,Poche défensive,Poche défensive,12 Portefeuille,MULTI,GOVERNED_RULE,0.4447,Calcul portefeuille,Quotidien,True,ACTIVE,CONTRACT_TO_50,Final,VERIFIED_REPOSITORY_WORKBOOK_V18.2_ALL_CRITERIA,V15_C193
V15_C194,Turnover portefeuille,Turnover portefeuille,12 Portefeuille,MULTI,GOVERNED_RULE,0.4447,Calcul portefeuille,Quotidien,True,ACTIVE,CONTRACT_TO_50,Final,VERIFIED_REPOSITORY_WORKBOOK_V18.2_ALL_CRITERIA,V15_C194
V15_C195,Fiscalité PEA,Fiscalité PEA,12 Portefeuille,MULTI,GOVERNED_RULE,0.4447,Calcul portefeuille,Quotidien,True,ACTIVE,CONTRACT_TO_50,Final,VERIFIED_REPOSITORY_WORKBOOK_V18.2_ALL_CRITERIA,V15_C195
V15_C196,Chevauchement positions ETF,Chevauchement positions ETF,12 Portefeuille,MULTI,GOVERNED_RULE,0.6917,Composition/calcul,Mensuel,True,ACTIVE,CONTRACT_TO_50,Final,VERIFIED_REPOSITORY_WORKBOOK_V18.2_ALL_CRITERIA,V15_C196
V15_C197,Rendement annualisé net,Rendement annualisé net,13 Performance Validation,MULTI,GOVERNED_RULE,0.4941,Backtest,Mensuel,True,ACTIVE,CONTRACT_TO_50,Final,VERIFIED_REPOSITORY_WORKBOOK_V18.2_ALL_CRITERIA,V15_C197
V15_C198,Volatilité annualisée,Volatilité annualisée,13 Performance Validation,MULTI,GOVERNED_RULE,0.4941,Backtest,Mensuel,True,ACTIVE,CONTRACT_TO_50,Final,VERIFIED_REPOSITORY_WORKBOOK_V18.2_ALL_CRITERIA,V15_C198
V15_C199,Sharpe,Sharpe,13 Performance Validation,MULTI,GOVERNED_RULE,0.4941,Backtest,Mensuel,True,ACTIVE,CONTRACT_TO_50,Final,VERIFIED_REPOSITORY_WORKBOOK_V18.2_ALL_CRITERIA,V15_C199
V15_C200,Sortino,Sortino,13 Performance Validation,MULTI,GOVERNED_RULE,0.4941,Backtest,Mensuel,True,ACTIVE,CONTRACT_TO_50,Final,VERIFIED_REPOSITORY_WORKBOOK_V18.2_ALL_CRITERIA,V15_C200
V15_C201,Calmar,Calmar,13 Performance Validation,MULTI,GOVERNED_RULE,0.4941,Backtest,Mensuel,True,ACTIVE,CONTRACT_TO_50,Final,VERIFIED_REPOSITORY_WORKBOOK_V18.2_ALL_CRITERIA,V15_C201
V15_C202,Probabilité CAGR >=10% sur 5 ans,Probabilité CAGR >=10% sur 5 ans,13 Performance Validation,MULTI,GOVERNED_RULE,0.4941,Backtest,Mensuel,True,ACTIVE,CONTRACT_TO_50,Final,VERIFIED_REPOSITORY_WORKBOOK_V18.2_ALL_CRITERIA,V15_C202
V15_C203,Probabilité CAGR >=12% sur 5 ans,Probabilité CAGR >=12% sur 5 ans,13 Performance Validation,MULTI,GOVERNED_RULE,0.4941,Backtest,Mensuel,True,ACTIVE,CONTRACT_TO_50,Final,VERIFIED_REPOSITORY_WORKBOOK_V18.2_ALL_CRITERIA,V15_C203
V15_C204,Probabilité 5 ans négative,Probabilité 5 ans négative,13 Performance Validation,MULTI,GOVERNED_RULE,0.4941,Backtest,Mensuel,True,ACTIVE,CONTRACT_TO_50,Final,VERIFIED_REPOSITORY_WORKBOOK_V18.2_ALL_CRITERIA,V15_C204
V15_C205,Probabilité année <=-20%,Probabilité année <=-20%,13 Performance Validation,MULTI,GOVERNED_RULE,0.4941,Backtest,Mensuel,True,ACTIVE,CONTRACT_TO_50,Final,VERIFIED_REPOSITORY_WORKBOOK_V18.2_ALL_CRITERIA,V15_C205
V15_C206,Tracking error portefeuille,Tracking error portefeuille,13 Performance Validation,MULTI,GOVERNED_RULE,0.4941,Backtest,Mensuel,True,ACTIVE,CONTRACT_TO_50,Final,VERIFIED_REPOSITORY_WORKBOOK_V18.2_ALL_CRITERIA,V15_C206
V15_C207,Information ratio,Information ratio,13 Performance Validation,MULTI,GOVERNED_RULE,0.4941,Backtest,Mensuel,True,ACTIVE,CONTRACT_TO_50,Final,VERIFIED_REPOSITORY_WORKBOOK_V18.2_ALL_CRITERIA,V15_C207
V15_C208,Vote Performance Validation,Vote Performance Validation,13 Performance Validation,MULTI,GOVERNED_RULE,0.4941,Backtest,Mensuel,True,ACTIVE,CONTRACT_TO_50,Final,VERIFIED_REPOSITORY_WORKBOOK_V18.2_ALL_CRITERIA,V15_C208
V15_C209,Couverture critères,Couverture critères,14 Data Trust & Gouvernance,MULTI,GOVERNED_RULE,0.4941,Moteur/Audit,Quotidien,True,ACTIVE,CONTRACT_TO_50,Final,VERIFIED_REPOSITORY_WORKBOOK_V18.2_ALL_CRITERIA,V15_C209
V15_C210,Confiance globale,Confiance globale,14 Data Trust & Gouvernance,MULTI,GOVERNED_RULE,0.4941,Moteur/Audit,Quotidien,True,ACTIVE,CONTRACT_TO_50,Final,VERIFIED_REPOSITORY_WORKBOOK_V18.2_ALL_CRITERIA,V15_C210
V15_C211,Score effectif,Score effectif,14 Data Trust & Gouvernance,MULTI,GOVERNED_RULE,0.4941,Moteur/Audit,Quotidien,True,ACTIVE,CONTRACT_TO_50,Final,VERIFIED_REPOSITORY_WORKBOOK_V18.2_ALL_CRITERIA,V15_C211
V15_C212,Hash décision,Hash décision,14 Data Trust & Gouvernance,MULTI,GOVERNED_RULE,0.4941,Moteur/Audit,Quotidien,True,ACTIVE,CONTRACT_TO_50,Final,VERIFIED_REPOSITORY_WORKBOOK_V18.2_ALL_CRITERIA,V15_C212
V15_C213,Version règles,Version règles,14 Data Trust & Gouvernance,MULTI,GOVERNED_RULE,0.4941,Moteur/Audit,Quotidien,True,ACTIVE,CONTRACT_TO_50,Final,VERIFIED_REPOSITORY_WORKBOOK_V18.2_ALL_CRITERIA,V15_C213
V15_C214,Quota API disponible,Quota API disponible,14 Data Trust & Gouvernance,MULTI,GOVERNED_RULE,0.4941,Moteur/Audit,Quotidien,True,ACTIVE,CONTRACT_TO_50,Final,VERIFIED_REPOSITORY_WORKBOOK_V18.2_ALL_CRITERIA,V15_C214
V15_C215,Gain couverture par appel,Gain couverture par appel,14 Data Trust & Gouvernance,MULTI,GOVERNED_RULE,0.4941,Moteur/Audit,Quotidien,True,ACTIVE,CONTRACT_TO_50,Final,VERIFIED_REPOSITORY_WORKBOOK_V18.2_ALL_CRITERIA,V15_C215
V15_C216,Non-régression,Non-régression,14 Data Trust & Gouvernance,MULTI,GOVERNED_RULE,0.4941,Moteur/Audit,Quotidien,True,ACTIVE,CONTRACT_TO_50,Final,VERIFIED_REPOSITORY_WORKBOOK_V18.2_ALL_CRITERIA,V15_C216
V15_C217,Quarantaine conflits,Quarantaine conflits,14 Data Trust & Gouvernance,MULTI,GOVERNED_RULE,0.4941,Moteur/Audit,Quotidien,True,ACTIVE,CONTRACT_TO_50,Final,VERIFIED_REPOSITORY_WORKBOOK_V18.2_ALL_CRITERIA,V15_C217
V15_C218,Mode SHADOW,Mode SHADOW,14 Data Trust & Gouvernance,MULTI,GOVERNED_RULE,0.4941,Moteur/Audit,Quotidien,True,ACTIVE,CONTRACT_TO_50,Final,VERIFIED_REPOSITORY_WORKBOOK_V18.2_ALL_CRITERIA,V15_C218
V15_C219,Votes Comité,Votes Comité,14 Data Trust & Gouvernance,MULTI,GOVERNED_RULE,0.4941,Moteur/Audit,Quotidien,True,ACTIVE,CONTRACT_TO_50,Final,VERIFIED_REPOSITORY_WORKBOOK_V18.2_ALL_CRITERIA,V15_C219
V15_C220,Décision finale,Décision finale,14 Data Trust & Gouvernance,MULTI,GOVERNED_RULE,0.4941,Moteur/Audit,Quotidien,True,ACTIVE,CONTRACT_TO_50,Final,VERIFIED_REPOSITORY_WORKBOOK_V18.2_ALL_CRITERIA,V15_C220
V15_C221,Plan d’entrée,Plan d’entrée,14 Data Trust & Gouvernance,MULTI,GOVERNED_RULE,0.4941,Moteur/Audit,Quotidien,True,ACTIVE,CONTRACT_TO_50,Final,VERIFIED_REPOSITORY_WORKBOOK_V18.2_ALL_CRITERIA,V15_C221
V15_C222,Date de revue,Date de revue,14 Data Trust & Gouvernance,MULTI,GOVERNED_RULE,0.4941,Moteur/Audit,Quotidien,True,ACTIVE,CONTRACT_TO_50,Final,VERIFIED_REPOSITORY_WORKBOOK_V18.2_ALL_CRITERIA,V15_C222
ETF_CFG_001,perf_1y_pct,Critère ETF versionné dans CONFIG_WEIGHT,CONFIG_WEIGHT,CT,HIGH,0.0174536727377923,VERSIONED_CONFIG,Selon moteur,True,CONFIGURED_NO_CANONICAL_268_ROW_PROOF,FAIL_CLOSED_NO_NEUTRAL_IMPUTATION,ENGINE_SPECIFIC,RECONSTRUCTED_FROM_VERSIONED_CONFIG,
ETF_CFG_002,ter_pct,Critère ETF versionné dans CONFIG_WEIGHT,CONFIG_WEIGHT,CT,LOW,0.02,VERSIONED_CONFIG,Selon moteur,True,CONFIGURED_NO_CANONICAL_268_ROW_PROOF,FAIL_CLOSED_NO_NEUTRAL_IMPUTATION,ENGINE_SPECIFIC,RECONSTRUCTED_FROM_VERSIONED_CONFIG,
ETF_CFG_003,fund_total_assets_eur_m,Critère ETF versionné dans CONFIG_WEIGHT,CONFIG_WEIGHT,CT,HIGH,0.06,VERSIONED_CONFIG,Selon moteur,True,CONFIGURED_NO_CANONICAL_268_ROW_PROOF,FAIL_CLOSED_NO_NEUTRAL_IMPUTATION,ENGINE_SPECIFIC,RECONSTRUCTED_FROM_VERSIONED_CONFIG,
ETF_CFG_004,macd_hist,Critère ETF versionné dans CONFIG_WEIGHT,CONFIG_WEIGHT,CT,HIGH,0.0614056301431448,VERSIONED_CONFIG,Selon moteur,True,CONFIGURED_NO_CANONICAL_268_ROW_PROOF,FAIL_CLOSED_NO_NEUTRAL_IMPUTATION,ENGINE_SPECIFIC,RECONSTRUCTED_FROM_VERSIONED_CONFIG,
ETF_CFG_005,volatility_20d,Critère ETF versionné dans CONFIG_WEIGHT,CONFIG_WEIGHT,CT,LOW,0.0940323886260211,VERSIONED_CONFIG,Selon moteur,True,CONFIGURED_NO_CANONICAL_268_ROW_PROOF,FAIL_CLOSED_NO_NEUTRAL_IMPUTATION,ENGINE_SPECIFIC,RECONSTRUCTED_FROM_VERSIONED_CONFIG,
ETF_CFG_006,volatility_60d,Critère ETF versionné dans CONFIG_WEIGHT,CONFIG_WEIGHT,CT,LOW,0.0361144063165725,VERSIONED_CONFIG,Selon moteur,True,CONFIGURED_NO_CANONICAL_268_ROW_PROOF,FAIL_CLOSED_NO_NEUTRAL_IMPUTATION,ENGINE_SPECIFIC,RECONSTRUCTED_FROM_VERSIONED_CONFIG,
ETF_CFG_007,max_drawdown_1y,Critère ETF versionné dans CONFIG_WEIGHT,CONFIG_WEIGHT,CT,HIGH,0.0343923273613496,VERSIONED_CONFIG,Selon moteur,True,CONFIGURED_NO_CANONICAL_268_ROW_PROOF,FAIL_CLOSED_NO_NEUTRAL_IMPUTATION,ENGINE_SPECIFIC,RECONSTRUCTED_FROM_VERSIONED_CONFIG,
ETF_CFG_008,perf_1m_pct,Critère ETF versionné dans CONFIG_WEIGHT,CONFIG_WEIGHT,CT,HIGH,0.1909279004780333,VERSIONED_CONFIG,Selon moteur,True,CONFIGURED_NO_CANONICAL_268_ROW_PROOF,FAIL_CLOSED_NO_NEUTRAL_IMPUTATION,ENGINE_SPECIFIC,RECONSTRUCTED_FROM_VERSIONED_CONFIG,
ETF_CFG_009,perf_3m_pct,Critère ETF versionné dans CONFIG_WEIGHT,CONFIG_WEIGHT,CT,HIGH,0.0789458210776017,VERSIONED_CONFIG,Selon moteur,True,CONFIGURED_NO_CANONICAL_268_ROW_PROOF,FAIL_CLOSED_NO_NEUTRAL_IMPUTATION,ENGINE_SPECIFIC,RECONSTRUCTED_FROM_VERSIONED_CONFIG,
ETF_CFG_010,perf_6m_pct,Critère ETF versionné dans CONFIG_WEIGHT,CONFIG_WEIGHT,CT,HIGH,0.0293932826953035,VERSIONED_CONFIG,Selon moteur,True,CONFIGURED_NO_CANONICAL_268_ROW_PROOF,FAIL_CLOSED_NO_NEUTRAL_IMPUTATION,ENGINE_SPECIFIC,RECONSTRUCTED_FROM_VERSIONED_CONFIG,
ETF_CFG_011,positive_reversal_flag,Critère ETF versionné dans CONFIG_WEIGHT,CONFIG_WEIGHT,CT,HIGH,0.0475685164743702,VERSIONED_CONFIG,Selon moteur,True,CONFIGURED_NO_CANONICAL_268_ROW_PROOF,FAIL_CLOSED_NO_NEUTRAL_IMPUTATION,ENGINE_SPECIFIC,RECONSTRUCTED_FROM_VERSIONED_CONFIG,
ETF_CFG_012,volume,Critère ETF versionné dans CONFIG_WEIGHT,CONFIG_WEIGHT,CT,HIGH,0.1184887988125898,VERSIONED_CONFIG,Selon moteur,True,CONFIGURED_NO_CANONICAL_268_ROW_PROOF,FAIL_CLOSED_NO_NEUTRAL_IMPUTATION,ENGINE_SPECIFIC,RECONSTRUCTED_FROM_VERSIONED_CONFIG,
ETF_CFG_013,relative_strength,Critère ETF versionné dans CONFIG_WEIGHT,CONFIG_WEIGHT,CT,HIGH,0.0872683636889616,VERSIONED_CONFIG,Selon moteur,True,CONFIGURED_NO_CANONICAL_268_ROW_PROOF,FAIL_CLOSED_NO_NEUTRAL_IMPUTATION,ENGINE_SPECIFIC,RECONSTRUCTED_FROM_VERSIONED_CONFIG,
ETF_CFG_014,direct_beta3y,Critère ETF versionné dans CONFIG_WEIGHT,CONFIG_WEIGHT,CT,LOW,0.02,VERSIONED_CONFIG,Selon moteur,True,CONFIGURED_NO_CANONICAL_268_ROW_PROOF,FAIL_CLOSED_NO_NEUTRAL_IMPUTATION,ENGINE_SPECIFIC,RECONSTRUCTED_FROM_VERSIONED_CONFIG,
ETF_CFG_015,diversification_direct_score,Critère ETF versionné dans CONFIG_WEIGHT,CONFIG_WEIGHT,CT,HIGH,0.06,VERSIONED_CONFIG,Selon moteur,True,CONFIGURED_NO_CANONICAL_268_ROW_PROOF,FAIL_CLOSED_NO_NEUTRAL_IMPUTATION,ENGINE_SPECIFIC,RECONSTRUCTED_FROM_VERSIONED_CONFIG,
ETF_CFG_016,distribution_policy,Critère ETF versionné dans CONFIG_WEIGHT,CONFIG_WEIGHT,LT,HIGH,0.04,VERSIONED_CONFIG,Selon moteur,True,CONFIGURED_NO_CANONICAL_268_ROW_PROOF,FAIL_CLOSED_NO_NEUTRAL_IMPUTATION,ENGINE_SPECIFIC,RECONSTRUCTED_FROM_VERSIONED_CONFIG,
ETF_CFG_017,dividend_yield_pct,Critère ETF versionné dans CONFIG_WEIGHT,CONFIG_WEIGHT,LT,HIGH,0.12,VERSIONED_CONFIG,Selon moteur,True,CONFIGURED_NO_CANONICAL_268_ROW_PROOF,FAIL_CLOSED_NO_NEUTRAL_IMPUTATION,ENGINE_SPECIFIC,RECONSTRUCTED_FROM_VERSIONED_CONFIG,
ETF_CFG_018,perf_3y_pct,Critère ETF versionné dans CONFIG_WEIGHT,CONFIG_WEIGHT,LT,HIGH,0.07,VERSIONED_CONFIG,Selon moteur,True,CONFIGURED_NO_CANONICAL_268_ROW_PROOF,FAIL_CLOSED_NO_NEUTRAL_IMPUTATION,ENGINE_SPECIFIC,RECONSTRUCTED_FROM_VERSIONED_CONFIG,
ETF_CFG_019,perf_5y_pct,Critère ETF versionné dans CONFIG_WEIGHT,CONFIG_WEIGHT,LT,HIGH,0.1,VERSIONED_CONFIG,Selon moteur,True,CONFIGURED_NO_CANONICAL_268_ROW_PROOF,FAIL_CLOSED_NO_NEUTRAL_IMPUTATION,ENGINE_SPECIFIC,RECONSTRUCTED_FROM_VERSIONED_CONFIG,
ETF_CFG_020,volatility_1y_pct,Critère ETF versionné dans CONFIG_WEIGHT,CONFIG_WEIGHT,LT,LOW,0.12,VERSIONED_CONFIG,Selon moteur,True,CONFIGURED_NO_CANONICAL_268_ROW_PROOF,FAIL_CLOSED_NO_NEUTRAL_IMPUTATION,ENGINE_SPECIFIC,RECONSTRUCTED_FROM_VERSIONED_CONFIG,
ETF_CFG_021,sentiment_regime_score,Critère ETF versionné dans CONFIG_WEIGHT,CONFIG_WEIGHT,SHORT,HIGH,0.16,VERSIONED_CONFIG,Selon moteur,True,CONFIGURED_NO_CANONICAL_268_ROW_PROOF,FAIL_CLOSED_NO_NEUTRAL_IMPUTATION,ENGINE_SPECIFIC,RECONSTRUCTED_FROM_VERSIONED_CONFIG,
ETF_CFG_022,funnel_global_macro_score,Critère ETF versionné dans CONFIG_WEIGHT,CONFIG_WEIGHT,TOP_DOWN,HIGH,0.18,VERSIONED_CONFIG,Selon moteur,True,CONFIGURED_NO_CANONICAL_268_ROW_PROOF,FAIL_CLOSED_NO_NEUTRAL_IMPUTATION,ENGINE_SPECIFIC,RECONSTRUCTED_FROM_VERSIONED_CONFIG,
ETF_CFG_023,funnel_country_macro_score,Critère ETF versionné dans CONFIG_WEIGHT,CONFIG_WEIGHT,TOP_DOWN,HIGH,0.2,VERSIONED_CONFIG,Selon moteur,True,CONFIGURED_NO_CANONICAL_268_ROW_PROOF,FAIL_CLOSED_NO_NEUTRAL_IMPUTATION,ENGINE_SPECIFIC,RECONSTRUCTED_FROM_VERSIONED_CONFIG,
ETF_CFG_024,funnel_global_news_score,Critère ETF versionné dans CONFIG_WEIGHT,CONFIG_WEIGHT,TOP_DOWN,HIGH,0.14,VERSIONED_CONFIG,Selon moteur,True,CONFIGURED_NO_CANONICAL_268_ROW_PROOF,FAIL_CLOSED_NO_NEUTRAL_IMPUTATION,ENGINE_SPECIFIC,RECONSTRUCTED_FROM_VERSIONED_CONFIG,
ETF_CFG_025,funnel_country_news_score,Critère ETF versionné dans CONFIG_WEIGHT,CONFIG_WEIGHT,TOP_DOWN,HIGH,0.16,VERSIONED_CONFIG,Selon moteur,True,CONFIGURED_NO_CANONICAL_268_ROW_PROOF,FAIL_CLOSED_NO_NEUTRAL_IMPUTATION,ENGINE_SPECIFIC,RECONSTRUCTED_FROM_VERSIONED_CONFIG,
ETF_CFG_026,funnel_sector_news_score,Critère ETF versionné dans CONFIG_WEIGHT,CONFIG_WEIGHT,TOP_DOWN,HIGH,0.07,VERSIONED_CONFIG,Selon moteur,True,CONFIGURED_NO_CANONICAL_268_ROW_PROOF,FAIL_CLOSED_NO_NEUTRAL_IMPUTATION,ENGINE_SPECIFIC,RECONSTRUCTED_FROM_VERSIONED_CONFIG,
ETF_CFG_027,funnel_instrument_news_score,Critère ETF versionné dans CONFIG_WEIGHT,CONFIG_WEIGHT,TOP_DOWN,HIGH,0.05,VERSIONED_CONFIG,Selon moteur,True,CONFIGURED_NO_CANONICAL_268_ROW_PROOF,FAIL_CLOSED_NO_NEUTRAL_IMPUTATION,ENGINE_SPECIFIC,RECONSTRUCTED_FROM_VERSIONED_CONFIG,
ETF_CFG_028,funnel_market_sentiment_score,Critère ETF versionné dans CONFIG_WEIGHT,CONFIG_WEIGHT,TOP_DOWN,HIGH,0.2,VERSIONED_CONFIG,Selon moteur,True,CONFIGURED_NO_CANONICAL_268_ROW_PROOF,FAIL_CLOSED_NO_NEUTRAL_IMPUTATION,ENGINE_SPECIFIC,RECONSTRUCTED_FROM_VERSIONED_CONFIG,
ETF_CFG_029,perf_1m,Critère ETF versionné dans MT_DYNAMIC_38,MT_DYNAMIC_38,MT,HIGH,0.024649690492993807,VERSIONED_CONFIG,Selon moteur,True,CONFIGURED_NO_CANONICAL_268_ROW_PROOF,FAIL_CLOSED_NO_NEUTRAL_IMPUTATION,ENGINE_SPECIFIC,RECONSTRUCTED_FROM_VERSIONED_CONFIG,
ETF_CFG_030,perf_2m,Critère ETF versionné dans MT_DYNAMIC_38,MT_DYNAMIC_38,MT,HIGH,0.025230780504615608,VERSIONED_CONFIG,Selon moteur,True,CONFIGURED_NO_CANONICAL_268_ROW_PROOF,FAIL_CLOSED_NO_NEUTRAL_IMPUTATION,ENGINE_SPECIFIC,RECONSTRUCTED_FROM_VERSIONED_CONFIG,
ETF_CFG_031,perf_3m,Critère ETF versionné dans MT_DYNAMIC_38,MT_DYNAMIC_38,MT,HIGH,0.05157318103146362,VERSIONED_CONFIG,Selon moteur,True,CONFIGURED_NO_CANONICAL_268_ROW_PROOF,FAIL_CLOSED_NO_NEUTRAL_IMPUTATION,ENGINE_SPECIFIC,RECONSTRUCTED_FROM_VERSIONED_CONFIG,
ETF_CFG_032,momentum_accel,Critère ETF versionné dans MT_DYNAMIC_38,MT_DYNAMIC_38,MT,HIGH,0.021557640431152807,VERSIONED_CONFIG,Selon moteur,True,CONFIGURED_NO_CANONICAL_268_ROW_PROOF,FAIL_CLOSED_NO_NEUTRAL_IMPUTATION,ENGINE_SPECIFIC,RECONSTRUCTED_FROM_VERSIONED_CONFIG,
ETF_CFG_033,positive_days_63,Critère ETF versionné dans MT_DYNAMIC_38,MT_DYNAMIC_38,MT,HIGH,0.018679950373599007,VERSIONED_CONFIG,Selon moteur,True,CONFIGURED_NO_CANONICAL_268_ROW_PROOF,FAIL_CLOSED_NO_NEUTRAL_IMPUTATION,ENGINE_SPECIFIC,RECONSTRUCTED_FROM_VERSIONED_CONFIG,
ETF_CFG_034,perf_6m,Critère ETF versionné dans MT_DYNAMIC_38,MT_DYNAMIC_38,MT,HIGH,0.05893735117874702,VERSIONED_CONFIG,Selon moteur,True,CONFIGURED_NO_CANONICAL_268_ROW_PROOF,FAIL_CLOSED_NO_NEUTRAL_IMPUTATION,ENGINE_SPECIFIC,RECONSTRUCTED_FROM_VERSIONED_CONFIG,
ETF_CFG_035,perf_9m,Critère ETF versionné dans MT_DYNAMIC_38,MT_DYNAMIC_38,MT,HIGH,0.04674313093486261,VERSIONED_CONFIG,Selon moteur,True,CONFIGURED_NO_CANONICAL_268_ROW_PROOF,FAIL_CLOSED_NO_NEUTRAL_IMPUTATION,ENGINE_SPECIFIC,RECONSTRUCTED_FROM_VERSIONED_CONFIG,
ETF_CFG_036,perf_1y,Critère ETF versionné dans MT_DYNAMIC_38,MT_DYNAMIC_38,MT,HIGH,0.05268237105364742,VERSIONED_CONFIG,Selon moteur,True,CONFIGURED_NO_CANONICAL_268_ROW_PROOF,FAIL_CLOSED_NO_NEUTRAL_IMPUTATION,ENGINE_SPECIFIC,RECONSTRUCTED_FROM_VERSIONED_CONFIG,
ETF_CFG_037,perf_3y,Critère ETF versionné dans MT_DYNAMIC_38,MT_DYNAMIC_38,MT,HIGH,0.04387442087748841,VERSIONED_CONFIG,Selon moteur,True,CONFIGURED_NO_CANONICAL_268_ROW_PROOF,FAIL_CLOSED_NO_NEUTRAL_IMPUTATION,ENGINE_SPECIFIC,RECONSTRUCTED_FROM_VERSIONED_CONFIG,
ETF_CFG_038,relative_strength_6m,Critère ETF versionné dans MT_DYNAMIC_38,MT_DYNAMIC_38,MT,HIGH,0.03543723070874461,VERSIONED_CONFIG,Selon moteur,True,CONFIGURED_NO_CANONICAL_268_ROW_PROOF,FAIL_CLOSED_NO_NEUTRAL_IMPUTATION,ENGINE_SPECIFIC,RECONSTRUCTED_FROM_VERSIONED_CONFIG,
ETF_CFG_039,relative_strength_1y,Critère ETF versionné dans MT_DYNAMIC_38,MT_DYNAMIC_38,MT,HIGH,0.038574160771483214,VERSIONED_CONFIG,Selon moteur,True,CONFIGURED_NO_CANONICAL_268_ROW_PROOF,FAIL_CLOSED_NO_NEUTRAL_IMPUTATION,ENGINE_SPECIFIC,RECONSTRUCTED_FROM_VERSIONED_CONFIG,
ETF_CFG_040,dist_sma50,Critère ETF versionné dans MT_DYNAMIC_38,MT_DYNAMIC_38,MT,HIGH,0.018648110372962205,VERSIONED_CONFIG,Selon moteur,True,CONFIGURED_NO_CANONICAL_268_ROW_PROOF,FAIL_CLOSED_NO_NEUTRAL_IMPUTATION,ENGINE_SPECIFIC,RECONSTRUCTED_FROM_VERSIONED_CONFIG,
ETF_CFG_041,dist_sma100,Critère ETF versionné dans MT_DYNAMIC_38,MT_DYNAMIC_38,MT,HIGH,0.025566400511328007,VERSIONED_CONFIG,Selon moteur,True,CONFIGURED_NO_CANONICAL_268_ROW_PROOF,FAIL_CLOSED_NO_NEUTRAL_IMPUTATION,ENGINE_SPECIFIC,RECONSTRUCTED_FROM_VERSIONED_CONFIG,
ETF_CFG_042,dist_sma200,Critère ETF versionné dans MT_DYNAMIC_38,MT_DYNAMIC_38,MT,HIGH,0.031289880625797614,VERSIONED_CONFIG,Selon moteur,True,CONFIGURED_NO_CANONICAL_268_ROW_PROOF,FAIL_CLOSED_NO_NEUTRAL_IMPUTATION,ENGINE_SPECIFIC,RECONSTRUCTED_FROM_VERSIONED_CONFIG,
ETF_CFG_043,slope_sma50,Critère ETF versionné dans MT_DYNAMIC_38,MT_DYNAMIC_38,MT,HIGH,0.03881701077634021,VERSIONED_CONFIG,Selon moteur,True,CONFIGURED_NO_CANONICAL_268_ROW_PROOF,FAIL_CLOSED_NO_NEUTRAL_IMPUTATION,ENGINE_SPECIFIC,RECONSTRUCTED_FROM_VERSIONED_CONFIG,
ETF_CFG_044,slope_sma200,Critère ETF versionné dans MT_DYNAMIC_38,MT_DYNAMIC_38,MT,HIGH,0.035755350715107014,VERSIONED_CONFIG,Selon moteur,True,CONFIGURED_NO_CANONICAL_268_ROW_PROOF,FAIL_CLOSED_NO_NEUTRAL_IMPUTATION,ENGINE_SPECIFIC,RECONSTRUCTED_FROM_VERSIONED_CONFIG,
ETF_CFG_045,trend_alignment,Critère ETF versionné dans MT_DYNAMIC_38,MT_DYNAMIC_38,MT,HIGH,0.017999680359993605,VERSIONED_CONFIG,Selon moteur,True,CONFIGURED_NO_CANONICAL_268_ROW_PROOF,FAIL_CLOSED_NO_NEUTRAL_IMPUTATION,ENGINE_SPECIFIC,RECONSTRUCTED_FROM_VERSIONED_CONFIG,
ETF_CFG_046,efficiency_63,Critère ETF versionné dans MT_DYNAMIC_38,MT_DYNAMIC_38,MT,HIGH,0.02610056052201121,VERSIONED_CONFIG,Selon moteur,True,CONFIGURED_NO_CANONICAL_268_ROW_PROOF,FAIL_CLOSED_NO_NEUTRAL_IMPUTATION,ENGINE_SPECIFIC,RECONSTRUCTED_FROM_VERSIONED_CONFIG,
